parzellen_id,gebaeude_id,geschoss_id,geschoss_label,wohnungs_id,einheit_id,flaechen_id,einheit_nutzung,entitaet_subtyp,entitaet_typ,flaeche,definition,zimmer_zaehler,hoehenkote,hoehe,koordinaten
10686,15413,40051,0102 | 02 OG,21487185efb6c0738f25bd7b9abbfb1b,131948.0,1395172.0,Wohnen,Küche,Raum,14.54,HNF,0.0,8.7,2.6,"POLYGON ((15.81 7.55, 15.77 7.7, 15.66 8.1, 17.66 8.65, 18.91 4.47, 15.48 3.52, 14.47 7.19, 15.81 7.55))"
10686,15413,40051,0102 | 02 OG,21487185efb6c0738f25bd7b9abbfb1b,131948.0,1395186.0,Wohnen,Schlafzimmer,Raum,12.49,HNF,1.0,8.7,2.6,"POLYGON ((20.61 -1.24, 15.48 -2.66, 14.85 -0.39, 19.94 1.02, 20.61 -1.24))"
10686,15413,40051,0102 | 02 OG,21487185efb6c0738f25bd7b9abbfb1b,131948.0,1395073.0,Wohnen,Schlafzimmer,Raum,8.47,HNF,1.0,8.7,2.6,"POLYGON ((14.62 -0.45, 14.72 -0.42, 15.34 -2.69, 12.84 -3.38, 11.96 -0.2, 14.37 0.46, 14.58 -0.31, 14.62 -0.45))"
10686,15413,40051,0102 | 02 OG,21487185efb6c0738f25bd7b9abbfb1b,131948.0,1395025.0,Wohnen,Badezimmer,Raum,6.58,HNF,0.0,8.7,2.6,"POLYGON ((13.48 8.46, 14.02 8.61, 14.11 8.64, 13.76 9.91, 16.27 10.6, 16.52 9.68, 16.54 9.68, 16.56 9.61, 16.74 9.66, 17.03 8.63, 14.49 7.93, 14.49 7.94, 14.34 7.89, 14.49 7.35, 13.83 7.17, 13.48 8.46))"
10686,15413,40051,0102 | 02 OG,21487185efb6c0738f25bd7b9abbfb1b,131948.0,1395079.0,Wohnen,Abstellraum,Raum,8.4,NNF,0.0,8.7,2.6,"POLYGON ((11.08 -0.24, 10.42 2.17, 13.65 3.06, 14.32 0.64, 11.08 -0.24))"
10686,15413,40051,0102 | 02 OG,21487185efb6c0738f25bd7b9abbfb1b,131948.0,1395016.0,Wohnen,Wohnzimmer,Raum,11.81,HNF,1.0,8.7,2.6,"POLYGON ((19.9 1.16, 16.4 0.2, 15.53 3.37, 18.96 4.31, 19.9 1.16))"
10686,15413,40051,0102 | 02 OG,21487185efb6c0738f25bd7b9abbfb1b,131948.0,1395050.0,Wohnen,Korridor,Raum,12.06,HNF,0.0,8.7,2.6,"POLYGON ((12.81 7.03, 12.49 8.19, 13.33 8.42, 13.7 7.07, 13.73 6.98, 14.32 7.14, 16.25 0.15, 14.82 -0.24, 12.81 7.03))"
10686,15413,40051,0102 | 02 OG,21487185efb6c0738f25bd7b9abbfb1b,131948.0,1395006.0,Wohnen,Schacht,Raum,1.67,FF,0.0,8.7,2.6,"POLYGON ((13.73 10.03, 13.69 10.16, 16.95 11.05, 17.62 8.79, 17.15 8.66, 16.85 9.74, 16.83 9.8, 16.66 9.76, 16.38 10.76, 16.3 10.74, 13.73 10.03))"
10686,15413,40051,0102 | 02 OG,21487185efb6c0738f25bd7b9abbfb1b,131948.0,1395038.0,Wohnen,Schacht,Raum,0.42,FF,0.0,8.7,2.6,"POLYGON ((15.61 7.65, 14.64 7.39, 14.53 7.79, 15.5 8.06, 15.61 7.65))"
10686,15413,40051,0102 | 02 OG,21487185efb6c0738f25bd7b9abbfb1b,131948.0,1395172.0,Wohnen,Küche,Ausstattung,,HNF,0.0,8.7,0.9,"POLYGON ((17.65 8.62, 17.8 8.08, 15.82 7.54, 15.67 8.08, 17.65 8.62))"
10686,15413,40051,0102 | 02 OG,21487185efb6c0738f25bd7b9abbfb1b,131948.0,1395025.0,Wohnen,Waschbecken,Ausstattung,,,,9.3,0.25,"POLYGON ((16.51 9.72, 16.04 9.59, 15.87 10.18, 16.35 10.31, 16.51 9.72))"
10686,15413,40051,0102 | 02 OG,21487185efb6c0738f25bd7b9abbfb1b,131948.0,1395025.0,Wohnen,Toilette,Ausstattung,,,,8.7,0.4,"POLYGON ((14.61 9.36, 14.17 9.24, 13.97 9.97, 14.4 10.09, 14.61 9.36))"
10686,15413,40051,0102 | 02 OG,21487185efb6c0738f25bd7b9abbfb1b,131948.0,1395025.0,Wohnen,Dusche,Ausstattung,,,,8.7,0.2,"POLYGON ((16.79 9.49, 17.03 8.63, 16.04 8.36, 15.81 9.22, 16.79 9.49))"
10686,15413,40051,0102 | 02 OG,21487185efb6c0738f25bd7b9abbfb1b,131948.0,,Wohnen,Tür,Öffnung,,,,8.7,2.0,"POLYGON ((15.54 3.34, 15.76 2.54, 15.6 2.5, 15.38 3.3, 15.54 3.34))"
10686,15413,40051,0102 | 02 OG,21487185efb6c0738f25bd7b9abbfb1b,131948.0,,Wohnen,Fenster,Öffnung,,,,9.2,1.9,"POLYGON ((18.6 6.14, 18.89 5.2, 18.7 5.15, 18.42 6.09, 18.6 6.14))"
10686,15413,40051,0102 | 02 OG,21487185efb6c0738f25bd7b9abbfb1b,131948.0,,Wohnen,Fenster,Öffnung,,,,9.2,1.9,"POLYGON ((19.76 2.28, 20.04 1.34, 19.85 1.29, 19.57 2.23, 19.76 2.28))"
10686,15413,40051,0102 | 02 OG,21487185efb6c0738f25bd7b9abbfb1b,131948.0,,Wohnen,Fenster,Öffnung,,,,9.2,1.9,"POLYGON ((14.34 -2.97, 15.28 -2.71, 15.33 -2.89, 14.39 -3.15, 14.34 -2.97))"
10686,15413,40051,0102 | 02 OG,21487185efb6c0738f25bd7b9abbfb1b,131948.0,,Wohnen,Tür,Öffnung,,,,8.7,2.0,"POLYGON ((10.15 3.19, 10.38 2.33, 9.95 2.22, 9.72 3.07, 10.15 3.19))"
10686,15413,40051,0102 | 02 OG,21487185efb6c0738f25bd7b9abbfb1b,131948.0,,Wohnen,Eingangstür,Öffnung,,,,8.7,2.0,"POLYGON ((12.52 8.11, 12.75 7.28, 12.59 7.24, 12.36 8.06, 12.52 8.11))"
10686,15413,40051,0102 | 02 OG,21487185efb6c0738f25bd7b9abbfb1b,131948.0,,Wohnen,Fenster,Öffnung,,,,9.2,1.9,"POLYGON ((18.03 8.07, 18.31 7.13, 18.13 7.08, 17.85 8.02, 18.03 8.07))"
10686,15413,40051,0102 | 02 OG,21487185efb6c0738f25bd7b9abbfb1b,131948.0,,Wohnen,Fenster,Öffnung,,,,9.2,1.9,"POLYGON ((16.38 -2.41, 17.32 -2.15, 17.37 -2.33, 16.43 -2.59, 16.38 -2.41))"
10686,15413,40051,0102 | 02 OG,21487185efb6c0738f25bd7b9abbfb1b,131948.0,,Wohnen,Tür,Öffnung,,,,8.7,2.0,"POLYGON ((14.61 0.52, 14.82 -0.22, 14.57 -0.29, 14.36 0.45, 14.61 0.52))"
10686,15413,40051,0102 | 02 OG,21487185efb6c0738f25bd7b9abbfb1b,131948.0,,Wohnen,Tür,Öffnung,,,,8.7,2.0,"POLYGON ((13.49 8.43, 13.67 7.76, 13.52 7.72, 13.34 8.39, 13.49 8.43))"
10686,15413,40051,0102 | 02 OG,21487185efb6c0738f25bd7b9abbfb1b,131948.0,,Wohnen,Tür,Öffnung,,,,8.7,2.0,"POLYGON ((14.85 -0.23, 15.65 -0.01, 15.69 -0.16, 14.9 -0.38, 14.85 -0.23))"
10686,15413,40051,0102 | 02 OG,21487185efb6c0738f25bd7b9abbfb1b,131948.0,,Wohnen,Fenster,Öffnung,,,,9.2,1.9,"POLYGON ((19.17 4.23, 19.45 3.29, 19.27 3.24, 18.99 4.18, 19.17 4.23))"
10686,15413,40051,0102 | 02 OG,21487185efb6c0738f25bd7b9abbfb1b,131948.0,,Wohnen,Fenster,Öffnung,,,,9.2,1.9,"POLYGON ((18.32 -1.87, 19.26 -1.61, 19.31 -1.8, 18.37 -2.06, 18.32 -1.87))"
10686,15413,40051,0102 | 02 OG,21487185efb6c0738f25bd7b9abbfb1b,131948.0,,Wohnen,Tür,Öffnung,,,,8.7,2.0,"POLYGON ((14 2.75, 14.22 1.94, 13.97 1.87, 13.75 2.68, 14 2.75))"
10686,15413,40051,0102 | 02 OG,21487185efb6c0738f25bd7b9abbfb1b,131948.0,,Wohnen,Tür,Öffnung,,,,8.7,2.0,"POLYGON ((14.53 7.01, 14.73 6.26, 14.57 6.22, 14.37 6.96, 14.53 7.01))"
10686,15413,40051,0102 | 02 OG,8f9cd18a48c8437018264c8bc9c601bf,131953.0,1395142.0,Wohnen,Wohnzimmer,Raum,20.99,HNF,1.0,8.7,2.6,"POLYGON ((-11.74 -4.92, -11.7 -4.91, -11.7 -4.9, -11.33 -4.8, -9.99 -9.67, -13.75 -10.71, -15.19 -5.48, -11.84 -4.56, -11.74 -4.92))"
10686,15413,40051,0102 | 02 OG,8f9cd18a48c8437018264c8bc9c601bf,131953.0,1395192.0,Wohnen,Schacht,Raum,0.11,FF,0.0,8.7,2.6,"POLYGON ((-20.49 -1.68, -20.38 -2.1, -20.63 -2.17, -20.74 -1.75, -20.49 -1.68))"
10686,15413,40051,0102 | 02 OG,8f9cd18a48c8437018264c8bc9c601bf,131953.0,1395160.0,Wohnen,Badezimmer,Raum,5.06,HNF,0.0,8.7,2.6,"POLYGON ((-20.31 -2.61, -20.43 -2.16, -20.31 -2.12, -20.31 -2.11, -20.43 -1.66, -18.93 -1.25, -18.55 -2.64, -18.53 -2.72, -17.89 -2.54, -17.6 -3.59, -19.87 -4.21, -20.29 -2.67, -20.31 -2.61))"
10686,15413,40051,0102 | 02 OG,8f9cd18a48c8437018264c8bc9c601bf,131953.0,1395145.0,Wohnen,Korridor,Raum,3.01,HNF,0.0,8.7,2.6,"POLYGON ((-16.48 -3.27, -16.77 -2.23, -14.08 -1.49, -13.79 -2.53, -16.48 -3.27))"
10686,15413,40051,0102 | 02 OG,8f9cd18a48c8437018264c8bc9c601bf,131953.0,1395134.0,Wohnen,Schacht,Raum,0.1,FF,0.0,8.7,2.6,"POLYGON ((-11.35 -4.72, -11.7 -4.81, -11.77 -4.54, -11.43 -4.44, -11.35 -4.72))"
10686,15413,40051,0102 | 02 OG,8f9cd18a48c8437018264c8bc9c601bf,131953.0,1395116.0,Wohnen,Korridor,Raum,4.85,HNF,0.0,8.7,2.6,"POLYGON ((-11.61 -0.81, -12 0.62, -11.17 0.84, -11.03 0.33, -11.02 0.33, -10.49 -1.62, -13.66 -2.5, -13.95 -1.45, -11.7 -0.83, -11.61 -0.81))"
10686,15413,40051,0102 | 02 OG,8f9cd18a48c8437018264c8bc9c601bf,131953.0,1395139.0,Wohnen,Schlafzimmer,Raum,17.11,HNF,1.0,8.7,2.6,"POLYGON ((-11.79 -0.72, -16.22 -1.94, -17.21 1.64, -12.77 2.87, -12.54 2.02, -12.15 0.62, -11.79 -0.72))"
10686,15413,40051,0102 | 02 OG,8f9cd18a48c8437018264c8bc9c601bf,131953.0,1395153.0,Wohnen,Küche,Raum,8.03,HNF,0.0,8.7,2.6,"POLYGON ((-19.43 1.03, -17.35 1.61, -16.36 -1.98, -18.44 -2.55, -19.43 1.03))"
10686,15413,40051,0102 | 02 OG,8f9cd18a48c8437018264c8bc9c601bf,131953.0,1395180.0,Wohnen,Schacht,Raum,0.07,FF,0.0,8.7,2.6,"POLYGON ((-20.62 -2.21, -20.48 -2.17, -20.35 -2.62, -20.49 -2.66, -20.62 -2.21))"
10686,15413,40051,0102 | 02 OG,8f9cd18a48c8437018264c8bc9c601bf,131953.0,1395149.0,Wohnen,Korridor,Raum,11.05,HNF,0.0,8.7,2.6,"POLYGON ((-17.75 -2.5, -16.9 -2.27, -16.62 -3.31, -16.61 -3.31, -16.58 -3.45, -13.75 -2.67, -13.17 -4.78, -15.26 -5.36, -15.36 -5.39, -15.08 -6.41, -16.56 -6.82, -17.75 -2.5))"
10686,15413,40051,0102 | 02 OG,8f9cd18a48c8437018264c8bc9c601bf,131953.0,1395120.0,Wohnen,Schacht,Raum,1.32,FF,0.0,8.7,2.6,"POLYGON ((-12.38 2.01, -11.56 2.24, -11.18 0.88, -12.01 0.65, -12.09 0.63, -12.46 1.99, -12.38 2.01))"
10686,15413,40051,0102 | 02 OG,8f9cd18a48c8437018264c8bc9c601bf,131953.0,1395184.0,Wohnen,Schacht,Raum,0.17,FF,0.0,8.7,2.6,"POLYGON ((-20.48 -2.72, -20.37 -2.7, -19.95 -4.23, -20.05 -4.26, -20.48 -2.72))"
10686,15413,40051,0102 | 02 OG,8f9cd18a48c8437018264c8bc9c601bf,131953.0,1395127.0,Wohnen,Abstellraum,Raum,2.88,NNF,0.0,8.7,2.6,"POLYGON ((-9.33 -5.84, -10.79 -6.24, -11.29 -4.41, -9.83 -4, -9.33 -5.84))"
10686,15413,40051,0102 | 02 OG,8f9cd18a48c8437018264c8bc9c601bf,131953.0,1395157.0,Wohnen,Schlafzimmer,Raum,12.4,HNF,1.0,8.7,2.6,"POLYGON ((-16.63 -11.5, -17.79 -7.29, -15.05 -6.54, -13.89 -10.74, -16.63 -11.5))"
10686,15413,40051,0102 | 02 OG,8f9cd18a48c8437018264c8bc9c601bf,131953.0,1395193.0,Wohnen,Schacht,Raum,0.13,FF,0.0,8.7,2.6,"POLYGON ((-20.45 -1.27, -20.37 -1.58, -20.76 -1.69, -20.85 -1.37, -20.45 -1.27))"
10686,15413,40051,0102 | 02 OG,8f9cd18a48c8437018264c8bc9c601bf,131953.0,1395160.0,Wohnen,Dusche,Ausstattung,,,,8.7,0.2,"POLYGON ((-18.68 -2.19, -19.5 -2.41, -19.75 -1.48, -18.93 -1.25, -18.68 -2.19))"
10686,15413,40051,0102 | 02 OG,8f9cd18a48c8437018264c8bc9c601bf,131953.0,1395160.0,Wohnen,Waschbecken,Ausstattung,,,,9.3,0.25,"POLYGON ((-19.66 -3.58, -20.01 -3.67, -20.15 -3.17, -19.79 -3.07, -19.66 -3.58))"
10686,15413,40051,0102 | 02 OG,8f9cd18a48c8437018264c8bc9c601bf,131953.0,1395160.0,Wohnen,Toilette,Ausstattung,,,,8.7,0.4,"POLYGON ((-19.79 -1.96, -20.12 -2.05, -20.24 -1.61, -19.91 -1.52, -19.79 -1.96))"
10686,15413,40051,0102 | 02 OG,8f9cd18a48c8437018264c8bc9c601bf,131953.0,1395145.0,Wohnen,Treppe,Ausstattung,,,,8.7,2.6,"POLYGON ((-15.06 -1.76, -14.78 -2.8, -16.48 -3.27, -16.77 -2.23, -15.06 -1.76))"
10686,15413,40051,0102 | 02 OG,8f9cd18a48c8437018264c8bc9c601bf,131953.0,1395153.0,Wohnen,Küche,Ausstattung,,HNF,0.0,8.7,0.9,"POLYGON ((-16.36 -1.98, -16.93 -2.14, -17.92 1.45, -17.35 1.61, -16.36 -1.98))"
10686,15413,40051,0102 | 02 OG,8f9cd18a48c8437018264c8bc9c601bf,131953.0,,Wohnen,Fenster,Öffnung,,,,9.2,1.9,"POLYGON ((-15.94 -11.3, -14.99 -11.04, -14.94 -11.24, -15.88 -11.5, -15.94 -11.3))"
10686,15413,40051,0102 | 02 OG,8f9cd18a48c8437018264c8bc9c601bf,131953.0,,Wohnen,Fenster,Öffnung,,,,9.2,1.9,"POLYGON ((-19.33 1.26, -18.38 1.52, -18.33 1.33, -19.28 1.07, -19.33 1.26))"
10686,15413,40051,0102 | 02 OG,8f9cd18a48c8437018264c8bc9c601bf,131953.0,,Wohnen,Tür,Öffnung,,,,8.7,2.0,"POLYGON ((-15.05 -1.62, -14.2 -1.39, -14.17 -1.52, -15.01 -1.75, -15.05 -1.62))"
10686,15413,40051,0102 | 02 OG,8f9cd18a48c8437018264c8bc9c601bf,131953.0,,Wohnen,Fenster,Öffnung,,,,9.2,1.9,"POLYGON ((-17.25 1.83, -16.35 2.08, -16.3 1.89, -17.2 1.64, -17.25 1.83))"
10686,15413,40051,0102 | 02 OG,8f9cd18a48c8437018264c8bc9c601bf,131953.0,,Wohnen,Fenster,Öffnung,,,,9.2,1.9,"POLYGON ((-13.74 -10.7, -12.85 -10.45, -12.8 -10.65, -13.69 -10.89, -13.74 -10.7))"
10686,15413,40051,0102 | 02 OG,8f9cd18a48c8437018264c8bc9c601bf,131953.0,,Wohnen,Tür,Öffnung,,,,8.7,2.0,"POLYGON ((-13.89 -1.63, -13.67 -2.44, -13.81 -2.48, -14.03 -1.67, -13.89 -1.63))"
10686,15413,40051,0102 | 02 OG,8f9cd18a48c8437018264c8bc9c601bf,131953.0,,Wohnen,Tür,Öffnung,,,,8.7,2.0,"POLYGON ((-15.19 -5.5, -14.96 -6.31, -15.1 -6.35, -15.33 -5.53, -15.19 -5.5))"
10686,15413,40051,0102 | 02 OG,8f9cd18a48c8437018264c8bc9c601bf,131953.0,,Wohnen,Tür,Öffnung,,,,8.7,2.0,"POLYGON ((-11.18 -4.81, -10.96 -5.62, -11.1 -5.66, -11.32 -4.85, -11.18 -4.81))"
10686,15413,40051,0102 | 02 OG,8f9cd18a48c8437018264c8bc9c601bf,131953.0,,Wohnen,Fenster,Öffnung,,,,9.2,1.9,"POLYGON ((-11.85 -10.18, -10.9 -9.92, -10.85 -10.11, -11.8 -10.37, -11.85 -10.18))"
10686,15413,40051,0102 | 02 OG,8f9cd18a48c8437018264c8bc9c601bf,131953.0,,Wohnen,Tür,Öffnung,,,,8.7,2.0,"POLYGON ((-17.7 -2.69, -17.47 -3.52, -17.61 -3.56, -17.84 -2.73, -17.7 -2.69))"
10686,15413,40051,0102 | 02 OG,8f9cd18a48c8437018264c8bc9c601bf,131953.0,,Wohnen,Tür,Öffnung,,,,8.7,2.0,"POLYGON ((-14.73 -2.78, -13.81 -2.53, -13.77 -2.68, -14.69 -2.93, -14.73 -2.78))"
10686,15413,40051,0102 | 02 OG,8f9cd18a48c8437018264c8bc9c601bf,131953.0,,Wohnen,Eingangstür,Öffnung,,,,8.7,2.0,"POLYGON ((-16.79 -5.99, -16.56 -6.81, -16.7 -6.85, -16.93 -6.03, -16.79 -5.99))"
10686,15413,40051,0102 | 02 OG,8f9cd18a48c8437018264c8bc9c601bf,131953.0,,Wohnen,Eingangstür,Öffnung,,,,8.7,2.0,"POLYGON ((-10.87 -0.23, -10.44 -0.11, -10.23 -0.88, -10.66 -1, -10.87 -0.23))"
10686,15413,40051,0102 | 02 OG,8f9cd18a48c8437018264c8bc9c601bf,131953.0,,Wohnen,Tür,Öffnung,,,,8.7,2.0,"POLYGON ((-16.47 -3.27, -15.68 -3.05, -15.64 -3.19, -16.43 -3.41, -16.47 -3.27))"
10686,15413,40051,0102 | 02 OG,8f9cd18a48c8437018264c8bc9c601bf,131953.0,,Wohnen,Tür,Öffnung,,,,8.7,2.0,"POLYGON ((-17.78 -2.37, -16.94 -2.14, -16.91 -2.27, -17.75 -2.5, -17.78 -2.37))"
10686,15413,40051,0102 | 02 OG,8f9cd18a48c8437018264c8bc9c601bf,131953.0,,Wohnen,Tür,Öffnung,,,,8.7,2.0,"POLYGON ((-15.96 -6.65, -15.1 -6.41, -15.06 -6.54, -15.92 -6.78, -15.96 -6.65))"
10686,15413,40051,0102 | 02 OG,8f9cd18a48c8437018264c8bc9c601bf,131953.0,,Wohnen,Fenster,Öffnung,,,,9.2,1.9,"POLYGON ((-15.35 2.35, -14.4 2.61, -14.35 2.43, -15.3 2.17, -15.35 2.35))"
10686,15413,40060,0101 | 01 OG,b183affb28544c6f46aee3db29fa06c2,131968.0,1395985.0,Wohnen,Schlafzimmer,Raum,15.02,HNF,1.0,5.8,2.6,"POLYGON ((-11.2 -10.26, -14.28 -11.1, -15.53 -6.57, -12.45 -5.72, -11.2 -10.26))"
10686,15413,40060,0101 | 01 OG,b183affb28544c6f46aee3db29fa06c2,131968.0,1396020.0,Wohnen,Küche,Raum,11.75,HNF,0.0,5.8,2.6,"POLYGON ((-20.03 -1.11, -20.63 -1.28, -21.28 1.1, -17.98 2.01, -16.87 -2.05, -18.16 -2.4, -18.43 -1.45, -18.45 -1.37, -19.85 -1.76, -20.01 -1.19, -20.03 -1.11))"
10686,15413,40060,0101 | 01 OG,b183affb28544c6f46aee3db29fa06c2,131968.0,1396058.0,Wohnen,Schacht,Raum,0.37,FF,0.0,5.8,2.6,"POLYGON ((-20.38 -2.19, -20.59 -1.41, -20.15 -1.29, -19.93 -2.06, -20.38 -2.19))"
10686,15413,40060,0101 | 01 OG,b183affb28544c6f46aee3db29fa06c2,131968.0,1396032.0,Wohnen,Leerraum,Raum,5.4,,0.0,5.8,2.6,"POLYGON ((-19.25 -6.29, -19.83 -4.17, -17.46 -3.52, -16.88 -5.64, -19.25 -6.29))"
10686,15413,40060,0101 | 01 OG,b183affb28544c6f46aee3db29fa06c2,131968.0,1396032.0,Wohnen,Leerraum,Raum,5.4,,0.0,5.8,2.6,"POLYGON ((-19.25 -6.29, -19.83 -4.17, -17.46 -3.52, -16.88 -5.64, -19.25 -6.29))"
10686,15413,40060,0101 | 01 OG,b183affb28544c6f46aee3db29fa06c2,131968.0,1396063.0,Wohnen,Schlafzimmer,Raum,17.36,HNF,1.0,5.8,2.6,"POLYGON ((-10.19 -1.42, -13.3 -2.28, -14.73 2.9, -11.61 3.76, -10.19 -1.42))"
10686,15413,40060,0101 | 01 OG,b183affb28544c6f46aee3db29fa06c2,131968.0,1395996.0,Wohnen,Badezimmer,Raum,4.36,HNF,0.0,5.8,2.6,"POLYGON ((-19.87 -2.19, -19.87 -2.18, -19.74 -2.15, -19.82 -1.89, -18.54 -1.54, -18.28 -2.49, -18.27 -2.53, -17.86 -2.42, -17.58 -3.45, -19.86 -4.08, -20.34 -2.32, -19.87 -2.19))"
10686,15413,40060,0101 | 01 OG,b183affb28544c6f46aee3db29fa06c2,131968.0,1396017.0,Wohnen,Abstellraum,Raum,1.2,NNF,0.0,5.8,2.6,"POLYGON ((-17.92 -6.99, -18.17 -6.08, -16.96 -5.74, -16.7 -6.66, -17.92 -6.99))"
10686,15413,40060,0101 | 01 OG,b183affb28544c6f46aee3db29fa06c2,131968.0,1396012.0,Wohnen,Schlafzimmer,Raum,13.45,HNF,1.0,5.8,2.6,"POLYGON ((-13.7 -1.18, -16.78 -2.02, -17.9 2.03, -14.81 2.88, -13.7 -1.18))"
10686,15413,40060,0101 | 01 OG,b183affb28544c6f46aee3db29fa06c2,131968.0,1396065.0,Wohnen,Leerraum,Raum,7.09,,0.0,5.8,2.6,"POLYGON ((-13.28 -2.37, -10.16 -1.52, -9.58 -3.63, -12.7 -4.49, -13.28 -2.37))"
10686,15413,40060,0101 | 01 OG,b183affb28544c6f46aee3db29fa06c2,131968.0,1396065.0,Wohnen,Leerraum,Raum,7.09,,0.0,5.8,2.6,"POLYGON ((-13.28 -2.37, -10.16 -1.52, -9.58 -3.63, -12.7 -4.49, -13.28 -2.37))"
10686,15413,40060,0101 | 01 OG,b183affb28544c6f46aee3db29fa06c2,131968.0,1395992.0,Wohnen,Korridor,Raum,19.14,HNF,0.0,5.8,2.6,"POLYGON ((-17.79 -2.4, -13.67 -1.27, -12.47 -5.65, -16.58 -6.78, -16.87 -5.72, -16.78 -5.69, -16.78 -5.67, -17.42 -3.37, -17.51 -3.39, -17.79 -2.4))"
10686,15413,40060,0101 | 01 OG,b183affb28544c6f46aee3db29fa06c2,131968.0,1396050.0,Wohnen,Wohnzimmer,Raum,18.92,HNF,1.0,5.8,2.6,"POLYGON ((-12.67 -4.57, -9.56 -3.72, -8.11 -9, -8.1 -9, -8 -9.37, -11.12 -10.23, -12.67 -4.57))"
10686,15413,40060,0101 | 01 OG,b183affb28544c6f46aee3db29fa06c2,131968.0,1396020.0,Wohnen,Küche,Ausstattung,,HNF,0.0,5.8,0.9,"POLYGON ((-20.05 -1.11, -20.63 -1.27, -21.28 1.1, -20.7 1.26, -20.05 -1.11))"
10686,15413,40060,0101 | 01 OG,b183affb28544c6f46aee3db29fa06c2,131968.0,1396020.0,Wohnen,Küche,Ausstattung,,HNF,0.0,5.8,0.9,"POLYGON ((-19.43 -1.04, -19.27 -1.6, -19.85 -1.76, -20.01 -1.2, -19.43 -1.04))"
10686,15413,40060,0101 | 01 OG,b183affb28544c6f46aee3db29fa06c2,131968.0,1395996.0,Wohnen,Dusche,Ausstattung,,,,5.8,0.2,"POLYGON ((-18.54 -1.54, -18.33 -2.33, -19.28 -2.59, -19.5 -1.8, -18.54 -1.54))"
10686,15413,40060,0101 | 01 OG,b183affb28544c6f46aee3db29fa06c2,131968.0,1395996.0,Wohnen,Waschbecken,Ausstattung,,,,6.3999999999999995,0.25,"POLYGON ((-19.49 -3.11, -19.9 -3.22, -20.03 -2.74, -19.62 -2.62, -19.49 -3.11))"
10686,15413,40060,0101 | 01 OG,b183affb28544c6f46aee3db29fa06c2,131968.0,1395996.0,Wohnen,Toilette,Ausstattung,,,,5.8,0.4,"POLYGON ((-19.35 -3.37, -19.25 -3.72, -19.72 -3.85, -19.81 -3.5, -19.35 -3.37))"
10686,15413,40060,0101 | 01 OG,b183affb28544c6f46aee3db29fa06c2,131968.0,,Wohnen,Eingangstür,Öffnung,,,,5.8,2.0,"POLYGON ((-9.61 -1.86, -9.26 -3.13, -9.7 -3.25, -10.04 -1.98, -9.61 -1.86))"
10686,15413,40060,0101 | 01 OG,b183affb28544c6f46aee3db29fa06c2,131968.0,,Wohnen,Tür,Öffnung,,,,5.8,2.0,"POLYGON ((-13.33 -5.88, -12.53 -5.66, -12.5 -5.74, -13.31 -5.96, -13.33 -5.88))"
10686,15413,40060,0101 | 01 OG,b183affb28544c6f46aee3db29fa06c2,131968.0,,Wohnen,Fenster,Öffnung,,,,6.3,1.9,"POLYGON ((-10.16 -9.96, -8.99 -9.64, -8.87 -10.06, -10.04 -10.38, -10.16 -9.96))"
10686,15413,40060,0101 | 01 OG,b183affb28544c6f46aee3db29fa06c2,131968.0,,Wohnen,Fenster,Öffnung,,,,6.3,1.9,"POLYGON ((-13.22 -2.59, -12.72 -4.39, -12.81 -4.41, -13.31 -2.61, -13.22 -2.59))"
10686,15413,40060,0101 | 01 OG,b183affb28544c6f46aee3db29fa06c2,131968.0,,Wohnen,Tür,Öffnung,,,,5.8,2.0,"POLYGON ((-17.72 -2.28, -16.94 -2.07, -16.91 -2.16, -17.7 -2.37, -17.72 -2.28))"
10686,15413,40060,0101 | 01 OG,b183affb28544c6f46aee3db29fa06c2,131968.0,,Wohnen,Fenster,Öffnung,,,,6.3,1.9,"POLYGON ((-13.32 -10.83, -12.17 -10.51, -12.05 -10.93, -13.21 -11.25, -13.32 -10.83))"
10686,15413,40060,0101 | 01 OG,b183affb28544c6f46aee3db29fa06c2,131968.0,,Wohnen,Fenster,Öffnung,,,,6.3,1.9,"POLYGON ((-17.32 -3.71, -16.82 -5.52, -16.91 -5.54, -17.4 -3.73, -17.32 -3.71))"
10686,15413,40060,0101 | 01 OG,b183affb28544c6f46aee3db29fa06c2,131968.0,,Wohnen,Fenster,Öffnung,,,,6.3,1.9,"POLYGON ((-13.88 3.58, -12.71 3.9, -12.59 3.48, -13.76 3.16, -13.88 3.58))"
10686,15413,40060,0101 | 01 OG,b183affb28544c6f46aee3db29fa06c2,131968.0,,Wohnen,Tür,Öffnung,,,,5.8,2.0,"POLYGON ((-16.81 -5.94, -16.64 -6.58, -16.72 -6.61, -16.89 -5.97, -16.81 -5.94))"
10686,15413,40060,0101 | 01 OG,b183affb28544c6f46aee3db29fa06c2,131968.0,,Wohnen,Tür,Öffnung,,,,5.8,2.0,"POLYGON ((-12.62 -4.76, -12.4 -5.55, -12.49 -5.58, -12.71 -4.78, -12.62 -4.76))"
10686,15413,40060,0101 | 01 OG,b183affb28544c6f46aee3db29fa06c2,131968.0,,Wohnen,Tür,Öffnung,,,,5.8,2.0,"POLYGON ((-17.74 -2.58, -17.56 -3.22, -17.64 -3.24, -17.82 -2.6, -17.74 -2.58))"
10686,15413,40060,0101 | 01 OG,b183affb28544c6f46aee3db29fa06c2,131968.0,,Wohnen,Fenster,Öffnung,,,,6.3,1.9,"POLYGON ((-20.23 1.84, -19.06 2.16, -18.94 1.73, -20.11 1.41, -20.23 1.84))"
10686,15413,40060,0101 | 01 OG,b183affb28544c6f46aee3db29fa06c2,131968.0,,Wohnen,Tür,Öffnung,,,,5.8,2.0,"POLYGON ((-14.56 -1.41, -13.8 -1.2, -13.77 -1.29, -14.53 -1.5, -14.56 -1.41))"
10686,15413,40060,0101 | 01 OG,b183affb28544c6f46aee3db29fa06c2,131968.0,,Wohnen,Eingangstür,Öffnung,,,,5.8,2.0,"POLYGON ((-16.52 -6.76, -15.7 -6.53, -15.68 -6.61, -16.5 -6.84, -16.52 -6.76))"
10686,15413,40060,0101 | 01 OG,b183affb28544c6f46aee3db29fa06c2,131968.0,,Wohnen,Fenster,Öffnung,,,,6.3,1.9,"POLYGON ((-17.05 2.71, -15.87 3.04, -15.75 2.61, -16.93 2.29, -17.05 2.71))"
10686,15413,40060,0101 | 01 OG,b183affb28544c6f46aee3db29fa06c2,131968.0,,Wohnen,Tür,Öffnung,,,,5.8,2.0,"POLYGON ((-13.57 -1.32, -13.35 -2.1, -13.44 -2.12, -13.65 -1.35, -13.57 -1.32))"
10686,15413,40060,0101 | 01 OG,468efe633eb927a268f9ef36d93709e1,131979.0,1396072.0,Wohnen,Schlafzimmer,Raum,15.39,HNF,1.0,5.8,2.6,"POLYGON ((16.17 0.74, 15.26 4.04, 19.56 5.22, 20.54 1.94, 16.17 0.74))"
10686,15413,40060,0101 | 01 OG,468efe633eb927a268f9ef36d93709e1,131979.0,1395950.0,Wohnen,Korridor,Raum,16.78,HNF,0.0,5.8,2.6,"POLYGON ((11.86 10.21, 13.39 10.63, 13.43 10.46, 13.93 8.65, 14.01 8.67, 14.01 8.68, 14.93 8.93, 15.19 7.96, 14.22 7.7, 14.12 7.67, 16.03 0.7, 14.58 0.3, 12.69 7.16, 11.86 10.21))"
10686,15413,40060,0101 | 01 OG,468efe633eb927a268f9ef36d93709e1,131979.0,1396069.0,Wohnen,Schlafzimmer,Raum,14.35,HNF,1.0,5.8,2.6,"POLYGON ((15.22 4.19, 14.36 7.32, 18.59 8.48, 19.52 5.37, 15.22 4.19))"
10686,15413,40060,0101 | 01 OG,468efe633eb927a268f9ef36d93709e1,131979.0,1396042.0,Wohnen,Badezimmer,Raum,3.78,HNF,0.0,5.8,2.6,"POLYGON ((15.93 9.28, 13.99 8.75, 13.52 10.46, 14.41 10.7, 14.36 10.89, 15.41 11.18, 15.93 9.28))"
10686,15413,40060,0101 | 01 OG,468efe633eb927a268f9ef36d93709e1,131979.0,1396046.0,Wohnen,Wohnzimmer,Raum,18.35,HNF,1.0,5.8,2.6,"POLYGON ((21.5 -1.28, 15.95 -2.8, 15.1 0.29, 20.58 1.8, 21.5 -1.28))"
10686,15413,40060,0101 | 01 OG,468efe633eb927a268f9ef36d93709e1,131979.0,1396074.0,Wohnen,Küche,Raum,8.53,HNF,0.0,5.8,2.6,"POLYGON ((16.08 9.24, 15.54 11.22, 17.6 11.78, 18.54 8.63, 15.34 7.75, 15.01 8.95, 16 9.22, 16.08 9.24))"
10686,15413,40060,0101 | 01 OG,468efe633eb927a268f9ef36d93709e1,131979.0,1396037.0,Wohnen,Schlafzimmer,Raum,12.7,HNF,1.0,5.8,2.6,"POLYGON ((15.02 0.27, 15.87 -2.82, 12.05 -3.87, 11.2 -0.78, 15.02 0.27))"
10686,15413,40060,0101 | 01 OG,468efe633eb927a268f9ef36d93709e1,131979.0,1396055.0,Wohnen,Schacht,Raum,0.15,FF,0.0,5.8,2.6,"POLYGON ((15.26 7.73, 14.32 7.47, 14.28 7.62, 15.21 7.88, 15.26 7.73))"
10686,15413,40060,0101 | 01 OG,468efe633eb927a268f9ef36d93709e1,131979.0,1396042.0,Wohnen,Waschbecken,Ausstattung,,,,6.3999999999999995,0.25,"POLYGON ((15.79 9.41, 15.39 9.3, 15.26 9.77, 15.66 9.88, 15.79 9.41))"
10686,15413,40060,0101 | 01 OG,468efe633eb927a268f9ef36d93709e1,131979.0,1396042.0,Wohnen,Toilette,Ausstattung,,,,5.8,0.4,"POLYGON ((14.39 9.94, 13.95 9.82, 13.76 10.52, 14.2 10.64, 14.39 9.94))"
10686,15413,40060,0101 | 01 OG,468efe633eb927a268f9ef36d93709e1,131979.0,1396042.0,Wohnen,Dusche,Ausstattung,,,,5.8,0.2,"POLYGON ((15.3 11.11, 15.54 10.22, 14.62 9.96, 14.37 10.86, 15.3 11.11))"
10686,15413,40060,0101 | 01 OG,468efe633eb927a268f9ef36d93709e1,131979.0,1396074.0,Wohnen,Küche,Ausstattung,,HNF,0.0,5.8,0.9,"POLYGON ((16.09 10.74, 15.93 11.31, 17.6 11.78, 17.76 11.21, 16.09 10.74))"
10686,15413,40060,0101 | 01 OG,468efe633eb927a268f9ef36d93709e1,131979.0,1396074.0,Wohnen,Küche,Ausstattung,,HNF,0.0,5.8,0.9,"POLYGON ((18.53 8.64, 17.97 8.48, 17.82 9.04, 18.37 9.2, 18.53 8.64))"
10686,15413,40060,0101 | 01 OG,468efe633eb927a268f9ef36d93709e1,131979.0,1396074.0,Wohnen,Küche,Ausstattung,,HNF,0.0,5.8,0.9,"POLYGON ((16.64 9.4, 16.08 9.25, 15.54 11.22, 16.1 11.37, 16.64 9.4))"
10686,15413,40060,0101 | 01 OG,468efe633eb927a268f9ef36d93709e1,131979.0,,Wohnen,Fenster,Öffnung,,,,6.3,1.9,"POLYGON ((19.38 -1.85, 20.57 -1.52, 20.68 -1.94, 19.5 -2.27, 19.38 -1.85))"
10686,15413,40060,0101 | 01 OG,468efe633eb927a268f9ef36d93709e1,131979.0,,Wohnen,Fenster,Öffnung,,,,6.3,1.9,"POLYGON ((16.21 -2.72, 17.38 -2.4, 17.5 -2.82, 16.32 -3.14, 16.21 -2.72))"
10686,15413,40060,0101 | 01 OG,468efe633eb927a268f9ef36d93709e1,131979.0,,Wohnen,Eingangstür,Öffnung,,,,5.8,2.0,"POLYGON ((12.43 8.14, 12.65 7.32, 12.5 7.28, 12.27 8.09, 12.43 8.14))"
10686,15413,40060,0101 | 01 OG,468efe633eb927a268f9ef36d93709e1,131979.0,,Wohnen,Tür,Öffnung,,,,5.8,2.0,"POLYGON ((15.3 -0.45, 15.51 -1.2, 15.43 -1.22, 15.22 -0.47, 15.3 -0.45))"
10686,15413,40060,0101 | 01 OG,468efe633eb927a268f9ef36d93709e1,131979.0,,Wohnen,Fenster,Öffnung,,,,6.3,1.9,"POLYGON ((13.03 -3.59, 14.21 -3.27, 14.32 -3.69, 13.15 -4.01, 13.03 -3.59))"
10686,15413,40060,0101 | 01 OG,468efe633eb927a268f9ef36d93709e1,131979.0,,Wohnen,Fenster,Öffnung,,,,6.3,1.9,"POLYGON ((18.31 10.9, 18.65 9.74, 18.24 9.61, 17.89 10.77, 18.31 10.9))"
10686,15413,40060,0101 | 01 OG,468efe633eb927a268f9ef36d93709e1,131979.0,,Wohnen,Fenster,Öffnung,,,,6.3,1.9,"POLYGON ((20.27 4.31, 20.62 3.13, 20.21 3.01, 19.86 4.19, 20.27 4.31))"
10686,15413,40060,0101 | 01 OG,468efe633eb927a268f9ef36d93709e1,131979.0,,Wohnen,Tür,Öffnung,,,,5.8,2.0,"POLYGON ((15.16 0.47, 15.91 0.67, 15.95 0.52, 15.2 0.32, 15.16 0.47))"
10686,15413,40060,0101 | 01 OG,468efe633eb927a268f9ef36d93709e1,131979.0,,Wohnen,Fenster,Öffnung,,,,6.3,1.9,"POLYGON ((21.26 1.01, 21.61 -0.17, 21.2 -0.29, 20.84 0.89, 21.26 1.01))"
10686,15413,40060,0101 | 01 OG,468efe633eb927a268f9ef36d93709e1,131979.0,,Wohnen,Fenster,Öffnung,,,,6.3,1.9,"POLYGON ((19.29 7.61, 19.64 6.44, 19.22 6.31, 18.88 7.48, 19.29 7.61))"
10686,15413,40060,0101 | 01 OG,468efe633eb927a268f9ef36d93709e1,131979.0,,Wohnen,Tür,Öffnung,,,,5.8,2.0,"POLYGON ((15.04 8.84, 15.25 8.09, 15.16 8.07, 14.95 8.82, 15.04 8.84))"
10686,15413,40060,0101 | 01 OG,468efe633eb927a268f9ef36d93709e1,131979.0,,Wohnen,Tür,Öffnung,,,,5.8,2.0,"POLYGON ((19.64 1.7, 20.39 1.9, 20.43 1.75, 19.68 1.55, 19.64 1.7))"
10686,15413,40060,0101 | 01 OG,468efe633eb927a268f9ef36d93709e1,131979.0,,Wohnen,Tür,Öffnung,,,,5.8,2.0,"POLYGON ((14.68 6.18, 14.89 5.4, 14.75 5.36, 14.53 6.14, 14.68 6.18))"
10686,15413,40060,0101 | 01 OG,468efe633eb927a268f9ef36d93709e1,131979.0,,Wohnen,Tür,Öffnung,,,,5.8,2.0,"POLYGON ((14.09 8.78, 14.79 8.97, 14.81 8.9, 14.12 8.7, 14.09 8.78))"
10686,15413,40060,0101 | 01 OG,468efe633eb927a268f9ef36d93709e1,131979.0,,Wohnen,Tür,Öffnung,,,,5.8,2.0,"POLYGON ((15.33 3.79, 15.55 2.99, 15.41 2.95, 15.19 3.75, 15.33 3.79))"
10686,15413,40065,0100 | EG,4251c97c9cf15bfcfa3ec6929233762a,131986.0,1395324.0,Wohnen,Schlafzimmer,Raum,15.99,HNF,1.0,2.9,2.6,"POLYGON ((16.45 0.82, 15.52 4.19, 16.72 4.53, 16.74 4.48, 17.02 4.55, 17 4.61, 19.89 5.41, 20.89 2.05, 17.94 1.23, 17.92 1.29, 17.64 1.21, 17.66 1.16, 16.45 0.82))"
10686,15413,40065,0100 | EG,4251c97c9cf15bfcfa3ec6929233762a,131986.0,1395433.0,Wohnen,Schlafzimmer,Raum,14.72,HNF,1.0,2.9,2.6,"POLYGON ((16.67 4.71, 16.69 4.67, 15.48 4.33, 14.6 7.49, 18.9 8.68, 19.84 5.54, 16.96 4.74, 16.95 4.79, 16.67 4.71))"
10686,15413,40065,0100 | EG,4251c97c9cf15bfcfa3ec6929233762a,131986.0,1395334.0,Wohnen,Badezimmer,Raum,3.87,HNF,0.0,2.9,2.6,"POLYGON ((16.18 9.49, 14.22 8.95, 13.74 10.68, 14.64 10.93, 14.59 11.12, 15.65 11.41, 16.18 9.49))"
10686,15413,40065,0100 | EG,4251c97c9cf15bfcfa3ec6929233762a,131986.0,1395438.0,Wohnen,Küche,Raum,8.74,HNF,0.0,2.9,2.6,"POLYGON ((16.34 9.45, 15.79 11.45, 17.78 12, 18 11.28, 18.11 11.32, 18.85 8.83, 15.61 7.93, 15.27 9.15, 16.26 9.42, 16.34 9.45))"
10686,15413,40065,0100 | EG,4251c97c9cf15bfcfa3ec6929233762a,131986.0,1395339.0,Wohnen,Schacht,Raum,0.16,FF,0.0,2.9,2.6,"POLYGON ((14.52 7.8, 15.48 8.06, 15.52 7.91, 14.56 7.64, 14.52 7.8))"
10686,15413,40065,0100 | EG,4251c97c9cf15bfcfa3ec6929233762a,131986.0,1395428.0,Wohnen,Korridor,Raum,16.91,HNF,0.0,2.9,2.6,"POLYGON ((12.06 10.42, 13.53 10.82, 13.56 10.71, 13.56 10.7, 14.08 8.82, 14.19 8.85, 15.18 9.12, 15.45 8.15, 14.46 7.88, 14.35 7.84, 16.3 0.78, 14.85 0.38, 12.92 7.32, 12.06 10.42))"
10686,15413,40065,0100 | EG,4251c97c9cf15bfcfa3ec6929233762a,131986.0,1395328.0,Wohnen,Wohnzimmer,Raum,20.64,HNF,1.0,2.9,2.6,"POLYGON ((20.94 1.9, 21.88 -1.23, 15.77 -2.93, 14.89 0.23, 17.7 1.01, 17.71 0.95, 17.99 1.03, 17.98 1.08, 20.94 1.9))"
10686,15413,40065,0100 | EG,4251c97c9cf15bfcfa3ec6929233762a,131986.0,1395334.0,Wohnen,Toilette,Ausstattung,,,,2.9,0.4,"POLYGON ((14.63 10.14, 14.19 10.02, 13.99 10.74, 14.43 10.87, 14.63 10.14))"
10686,15413,40065,0100 | EG,4251c97c9cf15bfcfa3ec6929233762a,131986.0,1395334.0,Wohnen,Dusche,Ausstattung,,,,2.9,0.2,"POLYGON ((15.56 11.36, 15.8 10.5, 14.83 10.23, 14.59 11.09, 15.56 11.36))"
10686,15413,40065,0100 | EG,4251c97c9cf15bfcfa3ec6929233762a,131986.0,1395334.0,Wohnen,Waschbecken,Ausstattung,,,,3.5,0.25,"POLYGON ((16.04 9.7, 15.62 9.58, 15.48 10.07, 15.9 10.19, 16.04 9.7))"
10686,15413,40065,0100 | EG,4251c97c9cf15bfcfa3ec6929233762a,131986.0,1395438.0,Wohnen,Küche,Ausstattung,,HNF,0.0,2.9,0.9,"POLYGON ((16.93 9.62, 16.34 9.45, 15.79 11.45, 16.38 11.61, 16.93 9.62))"
10686,15413,40065,0100 | EG,4251c97c9cf15bfcfa3ec6929233762a,131986.0,1395438.0,Wohnen,Küche,Ausstattung,,HNF,0.0,2.9,0.9,"POLYGON ((17.78 11.99, 17.93 11.44, 16.5 11.04, 16.34 11.59, 17.78 11.99))"
10686,15413,40065,0100 | EG,4251c97c9cf15bfcfa3ec6929233762a,131986.0,,Wohnen,Tür,Öffnung,,,,2.9,2.0,"POLYGON ((14.32 8.98, 15.04 9.18, 15.07 9.09, 14.35 8.89, 14.32 8.98))"
10686,15413,40065,0100 | EG,4251c97c9cf15bfcfa3ec6929233762a,131986.0,,Wohnen,Tür,Öffnung,,,,2.9,2.0,"POLYGON ((15.42 0.54, 16.21 0.76, 16.25 0.6, 15.46 0.38, 15.42 0.54))"
10686,15413,40065,0100 | EG,4251c97c9cf15bfcfa3ec6929233762a,131986.0,,Wohnen,Fenster,Öffnung,,,,3.4,1.9,"POLYGON ((19.78 -1.81, 20.89 -1.5, 21.01 -1.93, 19.9 -2.24, 19.78 -1.81))"
10686,15413,40065,0100 | EG,4251c97c9cf15bfcfa3ec6929233762a,131986.0,,Wohnen,Fenster,Öffnung,,,,3.4,1.9,"POLYGON ((18.62 11.15, 18.98 9.96, 18.54 9.83, 18.19 11.02, 18.62 11.15))"
10686,15413,40065,0100 | EG,4251c97c9cf15bfcfa3ec6929233762a,131986.0,,Wohnen,Eingangstür,Öffnung,,,,2.9,2.0,"POLYGON ((12.09 10.33, 12.35 9.41, 12.18 9.37, 11.93 10.29, 12.09 10.33))"
10686,15413,40065,0100 | EG,4251c97c9cf15bfcfa3ec6929233762a,131986.0,,Wohnen,Fenster,Öffnung,,,,3.4,1.9,"POLYGON ((16.5 -2.72, 17.62 -2.41, 17.74 -2.84, 16.62 -3.15, 16.5 -2.72))"
10686,15413,40065,0100 | EG,4251c97c9cf15bfcfa3ec6929233762a,131986.0,,Wohnen,Fenster,Öffnung,,,,3.4,1.9,"POLYGON ((19.63 7.79, 19.98 6.6, 19.55 6.47, 19.2 7.66, 19.63 7.79))"
10686,15413,40065,0100 | EG,4251c97c9cf15bfcfa3ec6929233762a,131986.0,,Wohnen,Fenster,Öffnung,,,,3.4,1.9,"POLYGON ((21.65 1.08, 22.01 -0.11, 21.58 -0.24, 21.22 0.95, 21.65 1.08))"
10686,15413,40065,0100 | EG,4251c97c9cf15bfcfa3ec6929233762a,131986.0,,Wohnen,Tür,Öffnung,,,,2.9,2.0,"POLYGON ((14.97 6.18, 15.19 5.39, 15.04 5.34, 14.82 6.13, 14.97 6.18))"
10686,15413,40065,0100 | EG,4251c97c9cf15bfcfa3ec6929233762a,131986.0,,Wohnen,Tür,Öffnung,,,,2.9,2.0,"POLYGON ((15.29 9.06, 15.51 8.27, 15.42 8.25, 15.21 9.04, 15.29 9.06))"
10686,15413,40065,0100 | EG,4251c97c9cf15bfcfa3ec6929233762a,131986.0,,Wohnen,Tür,Öffnung,,,,2.9,2.0,"POLYGON ((15.86 2.98, 16.08 2.19, 15.92 2.15, 15.7 2.94, 15.86 2.98))"
10686,15413,40065,0100 | EG,4251c97c9cf15bfcfa3ec6929233762a,131986.0,,Wohnen,Fenster,Öffnung,,,,3.4,1.9,"POLYGON ((20.64 4.43, 21 3.24, 20.57 3.11, 20.21 4.3, 20.64 4.43))"
10686,15413,40065,0100 | EG,,,1395463.0,Öffentlich,Nicht definiert,Raum,66.0,,0.0,2.9,2.6,"POLYGON ((-14.87 2.95, -11.82 3.79, -10.5 -1, -10.42 -1.26, -10.51 -1.28, -10.47 -1.43, -9.74 -4.04, -9.66 -4.02, -9.15 -5.88, -9.23 -5.9, -9.1 -6.38, -9.02 -6.36, -8.27 -9.07, -8.13 -9.56, -11.76 -10.56, -12.36 -8.39, -11.35 -8.11, -11.38 -8.03, -11.37 -8.02, -11.77 -6.61, -11.86 -6.64, -11.83 -6.73, -16.35 -7.98, -16.37 -7.94, -16.73 -8.04, -17.26 -6.14, -16.88 -6.03, -16.96 -5.73, -13.13 -4.67, -13.07 -4.92, -12.66 -4.8, -12.78 -4.38, -13.17 -4.49, -13.7 -2.57, -13.31 -2.46, -13.42 -2.04, -13.83 -2.15, -13.76 -2.41, -17.59 -3.47, -17.64 -3.27, -18.03 -3.37, -18.55 -1.48, -18.18 -1.38, -18.2 -1.31, -14.01 -0.15, -14.05 0.01, -14.87 2.95))"
10686,15413,40065,0100 | EG,,,1395463.0,Öffentlich,Nicht definiert,Raum,66.0,,0.0,2.9,2.6,"POLYGON ((-14.87 2.95, -11.82 3.79, -10.5 -1, -10.42 -1.26, -10.51 -1.28, -10.47 -1.43, -9.74 -4.04, -9.66 -4.02, -9.15 -5.88, -9.23 -5.9, -9.1 -6.38, -9.02 -6.36, -8.27 -9.07, -8.13 -9.56, -11.76 -10.56, -12.36 -8.39, -11.35 -8.11, -11.38 -8.03, -11.37 -8.02, -11.77 -6.61, -11.86 -6.64, -11.83 -6.73, -16.35 -7.98, -16.37 -7.94, -16.73 -8.04, -17.26 -6.14, -16.88 -6.03, -16.96 -5.73, -13.13 -4.67, -13.07 -4.92, -12.66 -4.8, -12.78 -4.38, -13.17 -4.49, -13.7 -2.57, -13.31 -2.46, -13.42 -2.04, -13.83 -2.15, -13.76 -2.41, -17.59 -3.47, -17.64 -3.27, -18.03 -3.37, -18.55 -1.48, -18.18 -1.38, -18.2 -1.31, -14.01 -0.15, -14.05 0.01, -14.87 2.95))"
10686,15413,40065,0100 | EG,,,1395446.0,Öffentlich,Nicht definiert,Raum,13.39,,0.0,2.9,2.6,"POLYGON ((-17.97 -12.29, -18.92 -8.87, -15.28 -7.86, -14.34 -11.28, -17.97 -12.29))"
10686,15413,40065,0100 | EG,,,1395446.0,Öffentlich,Nicht definiert,Raum,13.39,,0.0,2.9,2.6,"POLYGON ((-17.97 -12.29, -18.92 -8.87, -15.28 -7.86, -14.34 -11.28, -17.97 -12.29))"
10686,15413,40065,0100 | EG,,,1395359.0,Öffentlich,Nicht definiert,Raum,40.88,,0.0,2.9,2.6,"POLYGON ((-7.48 4.91, -7.17 5, -7.19 5.08, -3.9 5.99, -3.87 5.88, -3.24 6.05, -3.28 6.17, -3.07 6.22, -1.81 1.69, -5.87 0.56, -6.29 0.45, -6.26 0.36, -10.11 -0.71, -11.39 3.88, -10.26 4.19, -10.27 4.23, -7.5 4.99, -7.48 4.91))"
10686,15413,40065,0100 | EG,,,1395359.0,Öffentlich,Nicht definiert,Raum,40.88,,0.0,2.9,2.6,"POLYGON ((-7.48 4.91, -7.17 5, -7.19 5.08, -3.9 5.99, -3.87 5.88, -3.24 6.05, -3.28 6.17, -3.07 6.22, -1.81 1.69, -5.87 0.56, -6.29 0.45, -6.26 0.36, -10.11 -0.71, -11.39 3.88, -10.26 4.19, -10.27 4.23, -7.5 4.99, -7.48 4.91))"
10686,15413,40065,0100 | EG,,,1395465.0,Öffentlich,Schacht,Raum,1.23,FF,0.0,2.9,2.6,"POLYGON ((9.95 8.63, 9.99 8.7, 11.08 9, 11.14 8.96, 11.38 8.11, 11.34 8.04, 10.29 7.74, 10.19 7.77, 9.95 8.63))"
10686,15413,40065,0100 | EG,,,1395455.0,Öffentlich,Schacht,Raum,0.12,FF,0.0,2.9,2.6,"POLYGON ((-20.42 -1.76, -20.86 -1.88, -20.92 -1.63, -20.49 -1.51, -20.42 -1.76))"
10686,15413,40065,0100 | EG,,,1395394.0,Öffentlich,Küche,Raum,11.24,HNF,0.0,2.9,2.6,"POLYGON ((-20.27 -1.72, -20.38 -1.32, -20.53 -1.36, -20.97 -1.48, -21.67 1.06, -18.04 2.07, -17.23 -0.87, -18.25 -1.16, -18.64 -1.26, -20.27 -1.72))"
10686,15413,40065,0100 | EG,,,1395372.0,Öffentlich,Nicht definiert,Raum,2.91,,0.0,2.9,2.6,"POLYGON ((-10.1 -0.76, -6.25 0.31, -6.05 -0.39, -9.91 -1.46, -10.07 -0.88, -10.1 -0.76))"
10686,15413,40065,0100 | EG,,,1395372.0,Öffentlich,Nicht definiert,Raum,2.91,,0.0,2.9,2.6,"POLYGON ((-10.1 -0.76, -6.25 0.31, -6.05 -0.39, -9.91 -1.46, -10.07 -0.88, -10.1 -0.76))"
10686,15413,40065,0100 | EG,,,1395408.0,Öffentlich,Badezimmer,Raum,3.67,HNF,0.0,2.9,2.6,"POLYGON ((-14.21 -0.04, -15.37 -0.36, -16.18 2.59, -15.03 2.91, -14.21 -0.04))"
10686,15413,40065,0100 | EG,,,1395461.0,Öffentlich,Badezimmer,Raum,1.49,HNF,0.0,2.9,2.6,"POLYGON ((-15.46 -0.38, -17.08 -0.83, -17.32 0.02, -15.69 0.47, -15.46 -0.38))"
10686,15413,40065,0100 | EG,,,1395401.0,Öffentlich,Nicht definiert,Raum,14.67,,0.0,2.9,2.6,"POLYGON ((-16.88 -8.13, -18.96 -8.71, -19.51 -6.74, -19.22 -6.66, -19.35 -6.19, -19.64 -6.26, -20.13 -4.48, -19.85 -4.4, -19.98 -3.92, -20.27 -4, -20.81 -2.04, -18.73 -1.46, -18.71 -1.52, -16.88 -8.13))"
10686,15413,40065,0100 | EG,,,1395401.0,Öffentlich,Nicht definiert,Raum,14.67,,0.0,2.9,2.6,"POLYGON ((-16.88 -8.13, -18.96 -8.71, -19.51 -6.74, -19.22 -6.66, -19.35 -6.19, -19.64 -6.26, -20.13 -4.48, -19.85 -4.4, -19.98 -3.92, -20.27 -4, -20.81 -2.04, -18.73 -1.46, -18.71 -1.52, -16.88 -8.13))"
10686,15413,40065,0100 | EG,,,1395424.0,Öffentlich,Nicht definiert,Raum,10.06,,0.0,2.9,2.6,"POLYGON ((-9.99 -1.55, -9.97 -1.54, -6.04 -0.46, -5.47 -2.5, -5.37 -2.48, -5.28 -2.79, -9.24 -3.89, -9.34 -3.53, -9.43 -3.56, -9.99 -1.55))"
10686,15413,40065,0100 | EG,,,1395424.0,Öffentlich,Nicht definiert,Raum,10.06,,0.0,2.9,2.6,"POLYGON ((-9.99 -1.55, -9.97 -1.54, -6.04 -0.46, -5.47 -2.5, -5.37 -2.48, -5.28 -2.79, -9.24 -3.89, -9.34 -3.53, -9.43 -3.56, -9.99 -1.55))"
10686,15413,40065,0100 | EG,,,1395353.0,Öffentlich,Nicht definiert,Raum,227.38,,0.0,2.9,2.6,"POLYGON ((-5.83 0.41, -1.62 1.58, -1.64 1.66, -2.92 6.26, 0.01 7.08, 0.04 6.97, 0.67 7.14, 0.64 7.25, 3.95 8.17, 3.98 8.06, 4.6 8.23, 4.57 8.34, 8.16 9.33, 9.07 6.05, 9.48 6.17, 9.47 6.2, 12.67 7.09, 15.47 -3.01, 12.27 -3.9, 11.4 -0.74, 13.66 -0.12, 13.61 0.03, 11.36 -0.59, 11.23 -0.13, 10.82 -0.25, 11.73 -3.53, 8.13 -4.53, 8.1 -4.43, 7.49 -4.6, 7.52 -4.69, 4.21 -5.61, 4.18 -5.51, 3.57 -5.68, 3.6 -5.78, 0.28 -6.7, 0.25 -6.6, -0.36 -6.77, -0.33 -6.87, -3.56 -7.77, -5.08 -2.27, -5.83 0.41))"
10686,15413,40065,0100 | EG,,,1395353.0,Öffentlich,Nicht definiert,Raum,227.38,,0.0,2.9,2.6,"POLYGON ((-5.83 0.41, -1.62 1.58, -1.64 1.66, -2.92 6.26, 0.01 7.08, 0.04 6.97, 0.67 7.14, 0.64 7.25, 3.95 8.17, 3.98 8.06, 4.6 8.23, 4.57 8.34, 8.16 9.33, 9.07 6.05, 9.48 6.17, 9.47 6.2, 12.67 7.09, 15.47 -3.01, 12.27 -3.9, 11.4 -0.74, 13.66 -0.12, 13.61 0.03, 11.36 -0.59, 11.23 -0.13, 10.82 -0.25, 11.73 -3.53, 8.13 -4.53, 8.1 -4.43, 7.49 -4.6, 7.52 -4.69, 4.21 -5.61, 4.18 -5.51, 3.57 -5.68, 3.6 -5.78, 0.28 -6.7, 0.25 -6.6, -0.36 -6.77, -0.33 -6.87, -3.56 -7.77, -5.08 -2.27, -5.83 0.41))"
10686,15413,40065,0100 | EG,,,1395453.0,Öffentlich,Schacht,Raum,0.5,FF,0.0,2.9,2.6,"POLYGON ((-12.13 -10.67, -12.63 -8.86, -12.46 -8.55, -11.89 -10.6, -12.13 -10.67))"
10686,15413,40065,0100 | EG,,,1395388.0,Öffentlich,Badezimmer,Raum,0.94,HNF,0.0,2.9,2.6,"POLYGON ((-14 -8.6, -14.86 -8.84, -15.14 -7.82, -14.29 -7.58, -14 -8.6))"
10686,15413,40065,0100 | EG,,,1395377.0,Öffentlich,Badezimmer,Raum,6.17,HNF,0.0,2.9,2.6,"POLYGON ((-13.46 -10.11, -14.17 -7.55, -11.79 -6.89, -11.48 -7.99, -12.46 -8.26, -12.47 -8.26, -12.47 -8.27, -12.8 -8.85, -12.8 -8.86, -12.29 -10.71, -14.19 -11.24, -14.43 -10.37, -13.58 -10.14, -13.46 -10.11))"
10686,15413,40065,0100 | EG,,,1395365.0,Öffentlich,Nicht definiert,Raum,21.29,,0.0,2.9,2.6,"POLYGON ((-9.22 -3.96, -5.26 -2.86, -3.88 -7.86, -7.84 -8.95, -9.22 -3.96))"
10686,15413,40065,0100 | EG,,,1395365.0,Öffentlich,Nicht definiert,Raum,21.29,,0.0,2.9,2.6,"POLYGON ((-9.22 -3.96, -5.26 -2.86, -3.88 -7.86, -7.84 -8.95, -9.22 -3.96))"
10686,15413,40065,0100 | EG,,,1395382.0,Öffentlich,Nicht definiert,Raum,8.72,,0.0,2.9,2.6,"POLYGON ((-13.18 -4.51, -17.01 -5.57, -17.02 -5.54, -17.4 -5.64, -17.89 -3.85, -17.51 -3.75, -17.54 -3.63, -13.72 -2.57, -13.18 -4.51))"
10686,15413,40065,0100 | EG,,,1395382.0,Öffentlich,Nicht definiert,Raum,8.72,,0.0,2.9,2.6,"POLYGON ((-13.18 -4.51, -17.01 -5.57, -17.02 -5.54, -17.4 -5.64, -17.89 -3.85, -17.51 -3.75, -17.54 -3.63, -13.72 -2.57, -13.18 -4.51))"
10686,15413,40065,0100 | EG,,,1395345.0,Öffentlich,Treppenhaus,Raum,9.58,VF,0.0,2.9,2.6,"POLYGON ((9.43 6.35, 8.57 9.45, 11.91 10.37, 12.76 7.27, 12.73 7.26, 9.43 6.35), (10.13 7.71, 10.14 7.72, 10.29 7.67, 11.39 7.98, 11.46 8.12, 11.45 8.12, 11.22 8.99, 11.21 8.99, 11.09 9.07, 9.96 8.76, 9.95 8.76, 9.95 8.75, 9.88 8.63, 10.13 7.72, 10.13 7.71))"
10686,15413,40065,0100 | EG,,,1395458.0,Öffentlich,Schacht,Raum,0.07,FF,0.0,2.9,2.6,"POLYGON ((-10.28 -1.34, -10.38 -0.97, -10.21 -0.92, -10.11 -1.29, -10.28 -1.34))"
10686,15413,40065,0100 | EG,,,1395418.0,Öffentlich,Badezimmer,Raum,3.52,HNF,0.0,2.9,2.6,"POLYGON ((-15.72 0.55, -17.34 0.1, -17.9 2.11, -16.27 2.56, -15.72 0.55))"
10686,15413,40065,0100 | EG,,,1395414.0,Öffentlich,Badezimmer,Raum,0.95,HNF,0.0,2.9,2.6,"POLYGON ((-13.63 -9.96, -14.48 -10.2, -14.77 -9.16, -13.92 -8.92, -13.63 -9.96))"
10686,15413,40065,0100 | EG,,,1395446.0,Öffentlich,Treppe,Ausstattung,,,,2.9,2.6,"POLYGON ((-16.24 -10.63, -15.94 -11.72, -17.97 -12.28, -18.27 -11.19, -16.24 -10.63))"
10686,15413,40065,0100 | EG,,,1395446.0,Öffentlich,Treppe,Ausstattung,,,,2.9,2.6,"POLYGON ((-17.04 -10.94, -18.25 -11.28, -18.91 -8.87, -17.71 -8.53, -17.04 -10.94))"
10686,15413,40065,0100 | EG,,,1395394.0,Öffentlich,Küche,Ausstattung,,HNF,0.0,2.9,0.9,"POLYGON ((-18.05 2.07, -17.89 1.49, -21.51 0.49, -21.67 1.07, -18.05 2.07))"
10686,15413,40065,0100 | EG,,,1395372.0,Öffentlich,Treppe,Ausstattung,,,,2.9,2.6,"POLYGON ((-6.25 0.31, -6.06 -0.39, -9.91 -1.45, -10.1 -0.76, -6.25 0.31))"
10686,15413,40065,0100 | EG,,,1395408.0,Öffentlich,Waschbecken,Ausstattung,,,,3.5,0.25,"POLYGON ((-14.74 1.55, -15.17 1.43, -15.3 1.92, -14.88 2.04, -14.74 1.55))"
10686,15413,40065,0100 | EG,,,1395408.0,Öffentlich,Waschbecken,Ausstattung,,,,3.5,0.25,"POLYGON ((-14.93 2.22, -15.36 2.1, -15.49 2.59, -15.07 2.71, -14.93 2.22))"
10686,15413,40065,0100 | EG,,,1395461.0,Öffentlich,Toilette,Ausstattung,,,,2.9,0.4,"POLYGON ((-16.41 0.04, -16.29 -0.38, -17.05 -0.6, -17.17 -0.17, -16.41 0.04))"
10686,15413,40065,0100 | EG,,,1395388.0,Öffentlich,Toilette,Ausstattung,,,,2.9,0.4,"POLYGON ((-14.21 -8.66, -14.65 -8.78, -14.85 -8.07, -14.4 -7.94, -14.21 -8.66))"
10686,15413,40065,0100 | EG,,,1395377.0,Öffentlich,Waschbecken,Ausstattung,,,,3.5,0.25,"POLYGON ((-13.83 -11, -14.23 -11.11, -14.36 -10.62, -13.97 -10.51, -13.83 -11))"
10686,15413,40065,0100 | EG,,,1395382.0,Öffentlich,Treppe,Ausstattung,,,,2.9,2.6,"POLYGON ((-13.85 -2.73, -13.38 -4.44, -17.31 -5.53, -17.78 -3.82, -13.85 -2.73))"
10686,15413,40065,0100 | EG,,,1395345.0,Öffentlich,Treppe,Ausstattung,,,,2.9,2.6,"POLYGON ((12.43 8.26, 12.69 7.32, 10.42 6.69, 10.16 7.63, 12.43 8.26))"
10686,15413,40065,0100 | EG,,,1395345.0,Öffentlich,Treppe,Ausstattung,,,,2.9,2.6,"POLYGON ((10.74 9.99, 11 9.06, 8.9 8.47, 8.64 9.41, 10.74 9.99))"
10686,15413,40065,0100 | EG,,,1395345.0,Öffentlich,Treppe,Ausstattung,,,,2.9,2.6,"POLYGON ((10.42 6.68, 9.47 6.42, 8.91 8.44, 9.85 8.71, 10.42 6.68))"
10686,15413,40065,0100 | EG,,,1395345.0,Öffentlich,Treppe,Ausstattung,,,,2.9,2.6,"POLYGON ((12.18 9.17, 12.42 8.31, 11.48 8.05, 11.24 8.91, 12.18 9.17))"
10686,15413,40065,0100 | EG,,,1395414.0,Öffentlich,Toilette,Ausstattung,,,,2.9,0.4,"POLYGON ((-13.92 -9.7, -14.37 -9.83, -14.57 -9.1, -14.12 -8.98, -13.92 -9.7))"
10686,15413,40065,0100 | EG,,,,Öffentlich,Fenster,Öffnung,,,,3.4,1.9,"POLYGON ((-14.14 3.61, -12.95 3.94, -12.83 3.51, -14.02 3.18, -14.14 3.61))"
10686,15413,40065,0100 | EG,,,,Öffentlich,Fenster,Öffnung,,,,3.4,1.9,"POLYGON ((1.24 -6.42, 2.64 -6.04, 2.76 -6.47, 1.36 -6.86, 1.24 -6.42))"
10686,15413,40065,0100 | EG,,,,Öffentlich,Fenster,Öffnung,,,,3.4,1.9,"POLYGON ((-17.95 2.55, -17.34 2.72, -17.22 2.29, -17.83 2.12, -17.95 2.55))"
10686,15413,40065,0100 | EG,,,,Öffentlich,Tür,Öffnung,,,,2.9,2.0,"POLYGON ((-18.42 -1.94, -18.17 -2.85, -18.33 -2.89, -18.59 -1.99, -18.42 -1.94))"
10686,15413,40065,0100 | EG,,,,Öffentlich,Eingangstür,Öffnung,,,,2.9,2.0,"POLYGON ((8.83 8.55, 9.09 7.63, 8.65 7.51, 8.4 8.43, 8.83 8.55))"
10686,15413,40065,0100 | EG,,,,Öffentlich,Fenster,Öffnung,,,,3.4,1.9,"POLYGON ((9.09 -4.25, 10.49 -3.86, 10.61 -4.3, 9.21 -4.69, 9.09 -4.25))"
10686,15413,40065,0100 | EG,,,,Öffentlich,Fenster,Öffnung,,,,3.4,1.9,"POLYGON ((-16.8 -11.95, -15.59 -11.62, -15.47 -12.05, -16.67 -12.38, -16.8 -11.95))"
10686,15413,40065,0100 | EG,,,,Öffentlich,Tür,Öffnung,,,,2.9,2.0,"POLYGON ((-5.6 -0.39, -5.08 -2.26, -5.51 -2.38, -6.03 -0.51, -5.6 -0.39))"
10686,15413,40065,0100 | EG,,,,Öffentlich,Eingangstür,Öffnung,,,,2.9,2.0,"POLYGON ((11.63 -1.55, 11.91 -2.54, 11.48 -2.66, 11.21 -1.67, 11.63 -1.55))"
10686,15413,40065,0100 | EG,,,,Öffentlich,Fenster,Öffnung,,,,3.4,1.9,"POLYGON ((-2.45 6.85, -1.03 7.25, -0.91 6.81, -2.33 6.42, -2.45 6.85))"
10686,15413,40065,0100 | EG,,,,Öffentlich,Fenster,Öffnung,,,,3.4,1.9,"POLYGON ((-17.09 2.79, -16.47 2.96, -16.35 2.53, -16.97 2.36, -17.09 2.79))"
10686,15413,40065,0100 | EG,,,,Öffentlich,Fenster,Öffnung,,,,3.4,1.9,"POLYGON ((-16.23 3.03, -15.62 3.2, -15.5 2.77, -16.11 2.6, -16.23 3.03))"
10686,15413,40065,0100 | EG,,,,Öffentlich,Eingangstür,Öffnung,,,,2.9,2.0,"POLYGON ((-9.09 -4.39, -8.84 -5.31, -9.28 -5.43, -9.54 -4.51, -9.09 -4.39))"
10686,15413,40065,0100 | EG,,,,Öffentlich,Tür,Öffnung,,,,2.9,2.0,"POLYGON ((-9.85 -1.44, -9.23 -1.27, -9.21 -1.34, -9.83 -1.51, -9.85 -1.44))"
10686,15413,40065,0100 | EG,,,,Öffentlich,Fenster,Öffnung,,,,3.4,1.9,"POLYGON ((-10.33 -10.16, -9.13 -9.83, -9.01 -10.26, -10.21 -10.59, -10.33 -10.16))"
10686,15413,40065,0100 | EG,,,,Öffentlich,Eingangstür,Öffnung,,,,2.9,2.0,"POLYGON ((-16.23 -7.95, -15.4 -7.71, -15.35 -7.88, -16.18 -8.11, -16.23 -7.95))"
10686,15413,40065,0100 | EG,,,,Öffentlich,Fenster,Öffnung,,,,3.4,1.9,"POLYGON ((-6.62 -8.6, -5.2 -8.21, -5.08 -8.65, -6.5 -9.04, -6.62 -8.6))"
10686,15413,40065,0100 | EG,,,,Öffentlich,Fenster,Öffnung,,,,3.4,1.9,"POLYGON ((-20.61 1.82, -19.41 2.15, -19.29 1.71, -20.49 1.38, -20.61 1.82))"
10686,15413,40065,0100 | EG,,,,Öffentlich,Eingangstür,Öffnung,,,,2.9,2.0,"POLYGON ((-9.97 -1.59, -9.43 -3.53, -9.86 -3.65, -10.4 -1.71, -9.97 -1.59))"
10686,15413,40065,0100 | EG,,,,Öffentlich,Tür,Öffnung,,,,2.9,2.0,"POLYGON ((-13.25 -7.12, -12.4 -6.88, -12.36 -7.05, -13.21 -7.29, -13.25 -7.12))"
10686,15413,40065,0100 | EG,,,,Öffentlich,Tür,Öffnung,,,,2.9,2.0,"POLYGON ((-13.74 -9.1, -13.53 -9.85, -13.65 -9.88, -13.86 -9.14, -13.74 -9.1))"
10686,15413,40065,0100 | EG,,,,Öffentlich,Tür,Öffnung,,,,2.9,2.0,"POLYGON ((-16.41 0.36, -15.76 0.54, -15.74 0.46, -16.39 0.28, -16.41 0.36))"
10686,15413,40065,0100 | EG,,,,Öffentlich,Fenster,Öffnung,,,,3.4,1.9,"POLYGON ((-10.31 4.67, -8.89 5.07, -8.77 4.63, -10.19 4.24, -10.31 4.67))"
10686,15413,40065,0100 | EG,,,,Öffentlich,Eingangstür,Öffnung,,,,2.9,2.0,"POLYGON ((-10.4 0.36, -10.15 -0.56, -10.59 -0.68, -10.85 0.24, -10.4 0.36))"
10686,15413,40065,0100 | EG,,,,Öffentlich,Fenster,Öffnung,,,,3.4,1.9,"POLYGON ((8.61 9.92, 9.46 10.15, 9.58 9.72, 8.73 9.48, 8.61 9.92))"
10686,15413,40065,0100 | EG,,,,Öffentlich,Fenster,Öffnung,,,,3.4,1.9,"POLYGON ((13.28 -3.61, 14.47 -3.28, 14.59 -3.71, 13.4 -4.04, 13.28 -3.61))"
10686,15413,40065,0100 | EG,,,,Öffentlich,Tür,Öffnung,,,,2.9,2.0,"POLYGON ((-15.35 -0.35, -14.52 -0.12, -14.47 -0.28, -15.3 -0.51, -15.35 -0.35))"
10686,15413,40065,0100 | EG,,,,Öffentlich,Fenster,Öffnung,,,,3.4,1.9,"POLYGON ((5.17 -5.34, 6.57 -4.95, 6.69 -5.38, 5.29 -5.77, 5.17 -5.34))"
10686,15413,40065,0100 | EG,,,,Öffentlich,Fenster,Öffnung,,,,3.4,1.9,"POLYGON ((-6.38 5.76, -4.97 6.15, -4.85 5.72, -6.26 5.33, -6.38 5.76))"
10686,15413,40065,0100 | EG,,,,Öffentlich,Fenster,Öffnung,,,,3.4,1.9,"POLYGON ((-2.69 -7.52, -1.28 -7.12, -1.16 -7.56, -2.57 -7.95, -2.69 -7.52))"
10686,15413,40065,0100 | EG,,,,Öffentlich,Fenster,Öffnung,,,,3.4,1.9,"POLYGON ((1.47 7.94, 2.89 8.33, 3.01 7.9, 1.59 7.5, 1.47 7.94))"
10686,15413,40065,0100 | EG,,,,Öffentlich,Tür,Öffnung,,,,2.9,2.0,"POLYGON ((-14.15 -7.62, -13.95 -8.36, -14.06 -8.39, -14.27 -7.65, -14.15 -7.62))"
10686,15413,40065,0100 | EG,,,,Öffentlich,Eingangstür,Öffnung,,,,2.9,2.0,"POLYGON ((12.09 10.33, 12.35 9.41, 12.18 9.37, 11.93 10.29, 12.09 10.33))"
10686,15413,40065,0100 | EG,,,,Öffentlich,Fenster,Öffnung,,,,3.4,1.9,"POLYGON ((-13.56 -11.05, -12.37 -10.72, -12.25 -11.16, -13.44 -11.49, -13.56 -11.05))"
10686,15413,40065,0100 | EG,,,,Öffentlich,Fenster,Öffnung,,,,3.4,1.9,"POLYGON ((5.4 9.03, 6.81 9.42, 6.93 8.98, 5.52 8.59, 5.4 9.03))"
10686,15413,40065,0100 | EG,,,,Öffentlich,Tür,Öffnung,,,,2.9,2.0,"POLYGON ((-15.9 1.58, -15.64 0.62, -15.73 0.6, -16 1.56, -15.9 1.58))"
10686,15413,40065,0100 | EG,,,,Öffentlich,Tür,Öffnung,,,,2.9,2.0,"POLYGON ((-18.14 -1.12, -17.29 -0.89, -17.24 -1.05, -18.1 -1.28, -18.14 -1.12))"
10686,15413,40060,0101 | 01 OG,,,1395962.0,Öffentlich,Abstellraum,Raum,6.26,NNF,0.0,5.8,2.6,"POLYGON ((-8.3 -1.19, -5.9 -0.52, -5.23 -2.94, -7.63 -3.61, -8.3 -1.19))"
10686,15413,40060,0101 | 01 OG,,,1396007.0,Öffentlich,Zimmer,Raum,18.62,HNF,1.0,5.8,2.6,"POLYGON ((-9.07 -0.45, -9.94 -0.69, -11.19 3.87, -7.39 4.92, -6.14 0.37, -9.07 -0.44, -9.07 -0.45))"
10686,15413,40060,0101 | 01 OG,,,1396067.0,Öffentlich,Schacht,Raum,1.19,FF,0.0,5.8,2.6,"POLYGON ((11.2 7.93, 11.16 7.86, 10.12 7.58, 10.03 7.6, 9.8 8.45, 9.83 8.52, 10.9 8.81, 10.97 8.77, 11.2 7.93))"
10686,15413,40060,0101 | 01 OG,,,1395967.0,Öffentlich,Abstellraum,Raum,3.65,NNF,0.0,5.8,2.6,"POLYGON ((-5.21 -3.02, -4.82 -4.43, -7.23 -5.09, -7.61 -3.68, -5.21 -3.02))"
10686,15413,40060,0101 | 01 OG,,,1396002.0,Öffentlich,Treppenhaus,Raum,9.21,VF,0.0,5.8,2.6,"POLYGON ((9.27 6.23, 8.43 9.27, 11.71 10.16, 12.54 7.12, 12.42 7.09, 9.27 6.23), (9.98 7.55, 10.12 7.51, 11.19 7.8, 11.2 7.8, 11.27 7.93, 11.27 7.94, 11.04 8.79, 11.04 8.8, 10.92 8.88, 10.91 8.88, 9.8 8.57, 9.79 8.58, 9.79 8.57, 9.73 8.46, 9.73 8.45, 9.97 7.56, 9.97 7.55, 9.98 7.55))"
10686,15413,40060,0101 | 01 OG,,,1396025.0,Öffentlich,Treppenhaus,Raum,13.89,VF,0.0,5.8,2.6,"POLYGON ((-16.64 -6.87, -15.61 -6.59, -14.37 -11.13, -17.67 -12.03, -18.6 -8.65, -16.88 -8.18, -16.91 -8.09, -16.76 -8.05, -16.76 -8.03, -16.78 -8.03, -17.1 -6.85, -16.68 -6.73, -16.65 -6.84, -16.64 -6.87))"
10686,15413,40060,0101 | 01 OG,,,1396028.0,Öffentlich,Treppenhaus,Raum,3.31,VF,0.0,5.8,2.6,"POLYGON ((-17.97 -7.09, -17.12 -6.85, -16.8 -8.04, -16.91 -8.07, -16.92 -8.03, -18.64 -8.5, -19.23 -6.37, -18.24 -6.1, -17.98 -7.05, -17.97 -7.09))"
10686,15413,40060,0101 | 01 OG,,,1395980.0,Öffentlich,Zimmer,Raum,19.34,HNF,1.0,5.8,2.6,"POLYGON ((-9.93 -0.71, -9.06 -0.47, -8.86 -1.21, -8.85 -1.27, -8.45 -1.16, -8.44 -1.18, -7.32 -5.25, -7.23 -5.23, -4.79 -4.56, -3.91 -7.74, -7.72 -8.78, -9.93 -0.71))"
10686,15413,40060,0101 | 01 OG,,,1395954.0,Öffentlich,Leerraum,Raum,230.38,,0.0,5.8,2.6,"POLYGON ((-3.78 5.79, -3.18 5.96, -3.21 6.07, 0.03 6.96, 0.06 6.85, 0.68 7.02, 0.65 7.13, 3.91 8.02, 3.94 7.91, 4.55 8.08, 4.52 8.19, 8.04 9.16, 8.92 5.93, 9.32 6.03, 9.31 6.07, 12.45 6.93, 14.29 0.23, 11.16 -0.64, 11.03 -0.16, 10.64 -0.27, 11.52 -3.5, 7.99 -4.47, 7.96 -4.36, 7.34 -4.52, 7.38 -4.64, 4.12 -5.53, 4.1 -5.42, 3.49 -5.59, 3.52 -5.7, 0.27 -6.59, 0.24 -6.48, -0.36 -6.64, -0.33 -6.75, -3.58 -7.65, -7.06 5.01, -3.81 5.9, -3.78 5.79))"
10686,15413,40060,0101 | 01 OG,,,1395954.0,Öffentlich,Leerraum,Raum,230.38,,0.0,5.8,2.6,"POLYGON ((-3.78 5.79, -3.18 5.96, -3.21 6.07, 0.03 6.96, 0.06 6.85, 0.68 7.02, 0.65 7.13, 3.91 8.02, 3.94 7.91, 4.55 8.08, 4.52 8.19, 8.04 9.16, 8.92 5.93, 9.32 6.03, 9.31 6.07, 12.45 6.93, 14.29 0.23, 11.16 -0.64, 11.03 -0.16, 10.64 -0.27, 11.52 -3.5, 7.99 -4.47, 7.96 -4.36, 7.34 -4.52, 7.38 -4.64, 4.12 -5.53, 4.1 -5.42, 3.49 -5.59, 3.52 -5.7, 0.27 -6.59, 0.24 -6.48, -0.36 -6.64, -0.33 -6.75, -3.58 -7.65, -7.06 5.01, -3.81 5.9, -3.78 5.79))"
10686,15413,40060,0101 | 01 OG,,,1395974.0,Öffentlich,Treppenhaus,Raum,2.19,VF,0.0,5.8,2.6,"POLYGON ((-8.79 -1.19, -8.99 -0.48, -6.12 0.31, -5.93 -0.4, -8.43 -1.09, -8.79 -1.19))"
10686,15413,40060,0101 | 01 OG,,,1396002.0,Öffentlich,Treppe,Ausstattung,,,,5.8,2.6,"POLYGON ((10.24 6.55, 9.31 6.3, 8.77 8.27, 9.7 8.53, 10.24 6.55))"
10686,15413,40060,0101 | 01 OG,,,1396002.0,Öffentlich,Treppe,Ausstattung,,,,5.8,2.6,"POLYGON ((10.56 9.79, 10.81 8.86, 8.76 8.3, 8.51 9.22, 10.56 9.79))"
10686,15413,40060,0101 | 01 OG,,,1396002.0,Öffentlich,Treppe,Ausstattung,,,,5.8,2.6,"POLYGON ((11.06 7.76, 11.31 6.84, 10.07 6.51, 9.82 7.42, 11.06 7.76))"
10686,15413,40060,0101 | 01 OG,,,1396025.0,Öffentlich,Treppe,Ausstattung,,,,5.8,2.6,"POLYGON ((-16.47 -11.7, -17.68 -12.03, -18.6 -8.65, -17.4 -8.32, -16.47 -11.7))"
10686,15413,40060,0101 | 01 OG,,,1396028.0,Öffentlich,Treppe,Ausstattung,,,,5.8,2.6,"POLYGON ((-19.19 -6.39, -18.24 -6.12, -17.67 -8.21, -18.62 -8.47, -19.19 -6.39))"
10686,15413,40060,0101 | 01 OG,,,1396028.0,Öffentlich,Treppe,Ausstattung,,,,5.8,2.6,"POLYGON ((-16.85 -8, -17.66 -8.22, -17.97 -7.09, -17.16 -6.86, -16.85 -8))"
10686,15413,40060,0101 | 01 OG,,,1395974.0,Öffentlich,Treppe,Ausstattung,,,,5.8,2.6,"POLYGON ((-6.12 0.31, -5.93 -0.4, -8.79 -1.19, -8.99 -0.48, -6.12 0.31))"
10686,15413,40060,0101 | 01 OG,,,,Öffentlich,Fenster,Öffnung,,,,6.3,1.9,"POLYGON ((-2.66 -7.38, -1.27 -7, -1.16 -7.42, -2.54 -7.8, -2.66 -7.38))"
10686,15413,40060,0101 | 01 OG,,,,Öffentlich,Fenster,Öffnung,,,,6.3,1.9,"POLYGON ((-16.51 -11.7, -15.34 -11.38, -15.22 -11.81, -16.4 -12.13, -16.51 -11.7))"
10686,15413,40060,0101 | 01 OG,,,,Öffentlich,Fenster,Öffnung,,,,6.3,1.9,"POLYGON ((-10.08 4.63, -8.72 5, -8.61 4.57, -9.96 4.2, -10.08 4.63))"
10686,15413,40060,0101 | 01 OG,,,,Öffentlich,Fenster,Öffnung,,,,6.3,1.9,"POLYGON ((8.92 -4.2, 10.31 -3.82, 10.42 -4.24, 9.03 -4.62, 8.92 -4.2))"
10686,15413,40060,0101 | 01 OG,,,,Öffentlich,Fenster,Öffnung,,,,6.3,1.9,"POLYGON ((5.32 8.86, 6.7 9.24, 6.82 8.81, 5.44 8.43, 5.32 8.86))"
10686,15413,40060,0101 | 01 OG,,,,Öffentlich,Eingangstür,Öffnung,,,,5.8,2.0,"POLYGON ((-16.52 -6.76, -15.7 -6.53, -15.68 -6.61, -16.5 -6.84, -16.52 -6.76))"
10686,15413,40060,0101 | 01 OG,,,,Öffentlich,Eingangstür,Öffnung,,,,5.8,2.0,"POLYGON ((12.43 8.14, 12.65 7.32, 12.5 7.28, 12.27 8.09, 12.43 8.14))"
10686,15413,40060,0101 | 01 OG,,,,Öffentlich,Tür,Öffnung,,,,5.8,2.0,"POLYGON ((-6.94 0.15, -6.2 0.35, -6.19 0.29, -6.92 0.09, -6.94 0.15))"
10686,15413,40060,0101 | 01 OG,,,,Öffentlich,Eingangstür,Öffnung,,,,5.8,2.0,"POLYGON ((-9.61 -1.86, -9.26 -3.13, -9.7 -3.25, -10.04 -1.98, -9.61 -1.86))"
10686,15413,40060,0101 | 01 OG,,,,Öffentlich,Fenster,Öffnung,,,,6.3,1.9,"POLYGON ((-6.24 5.68, -4.87 6.06, -4.75 5.63, -6.13 5.26, -6.24 5.68))"
10686,15413,40060,0101 | 01 OG,,,,Öffentlich,Fenster,Öffnung,,,,6.3,1.9,"POLYGON ((5.05 -5.26, 6.43 -4.89, 6.54 -5.3, 5.17 -5.68, 5.05 -5.26))"
10686,15413,40060,0101 | 01 OG,,,,Öffentlich,Fenster,Öffnung,,,,6.3,1.9,"POLYGON ((1.26 -6.31, 2.59 -5.94, 2.71 -6.36, 1.37 -6.72, 1.26 -6.31))"
10686,15413,40060,0101 | 01 OG,,,,Öffentlich,Tür,Öffnung,,,,5.8,2.0,"POLYGON ((-16.81 -5.94, -16.64 -6.58, -16.72 -6.61, -16.89 -5.97, -16.81 -5.94))"
10686,15413,40060,0101 | 01 OG,,,,Öffentlich,Fenster,Öffnung,,,,6.3,1.9,"POLYGON ((8.49 9.73, 9.31 9.95, 9.43 9.53, 8.61 9.3, 8.49 9.73))"
10686,15413,40060,0101 | 01 OG,,,,Öffentlich,Tür,Öffnung,,,,5.8,2.0,"POLYGON ((-7.58 -3.78, -7.38 -4.52, -7.52 -4.56, -7.72 -3.82, -7.58 -3.78))"
10686,15413,40060,0101 | 01 OG,,,,Öffentlich,Fenster,Öffnung,,,,6.3,1.9,"POLYGON ((-2.39 6.74, -0.99 7.12, -0.88 6.7, -2.27 6.31, -2.39 6.74))"
10686,15413,40060,0101 | 01 OG,,,,Öffentlich,Fenster,Öffnung,,,,6.3,1.9,"POLYGON ((1.47 7.8, 2.85 8.18, 2.97 7.75, 1.59 7.38, 1.47 7.8))"
10686,15413,40060,0101 | 01 OG,,,,Öffentlich,Tür,Öffnung,,,,5.8,2.0,"POLYGON ((-7.18 -3.48, -6.45 -3.28, -6.43 -3.36, -7.16 -3.56, -7.18 -3.48))"
10686,15413,40060,0101 | 01 OG,,,,Öffentlich,Fenster,Öffnung,,,,6.3,1.9,"POLYGON ((-6.53 -8.45, -5.12 -8.06, -5.01 -8.48, -6.41 -8.86, -6.53 -8.45))"
10686,15413,40060,0101 | 01 OG,,,,Öffentlich,Tür,Öffnung,,,,5.8,2.0,"POLYGON ((-8.28 -1.23, -8.04 -2.11, -8.18 -2.15, -8.42 -1.27, -8.28 -1.23))"
10686,15413,40051,0102 | 02 OG,,,1395131.0,Öffentlich,Leerraum,Raum,7.21,,0.0,8.7,2.6,"POLYGON ((-10.45 -1.75, -9.87 -3.87, -13.04 -4.74, -13.62 -2.63, -10.45 -1.75))"
10686,15413,40051,0102 | 02 OG,,,1395131.0,Öffentlich,Leerraum,Raum,7.21,,0.0,8.7,2.6,"POLYGON ((-10.45 -1.75, -9.87 -3.87, -13.04 -4.74, -13.62 -2.63, -10.45 -1.75))"
10686,15413,40051,0102 | 02 OG,,,1395109.0,Öffentlich,Abstellraum,Raum,24.43,NNF,0.0,8.7,2.6,"POLYGON ((-5.15 -4.69, -8.9 -5.72, -10.57 0.33, -6.82 1.37, -5.15 -4.69))"
10686,15413,40051,0102 | 02 OG,,,1395191.0,Öffentlich,Aufzug,Raum,3.18,VF,0.0,8.7,2.6,"POLYGON ((12.47 8.28, 11.94 10.2, 13.48 10.62, 14.01 8.7, 12.47 8.28))"
10686,15413,40051,0102 | 02 OG,,,1395168.0,Öffentlich,Schacht,Raum,0.47,FF,0.0,8.7,2.6,"POLYGON ((-20.39 -1.25, -19.04 -0.87, -18.95 -1.19, -20.3 -1.57, -20.39 -1.25))"
10686,15413,40051,0102 | 02 OG,,,1395104.0,Öffentlich,Abstellraum,Raum,102.56,NNF,0.0,8.7,2.6,"POLYGON ((10.67 -0.35, -5.05 -4.67, -6.72 1.39, 9 5.72, 10.67 -0.35))"
10686,15413,40051,0102 | 02 OG,,,1395189.0,Öffentlich,Schacht,Raum,1.22,FF,0.0,8.7,2.6,"POLYGON ((11.26 7.89, 11.22 7.82, 10.17 7.53, 10.08 7.55, 9.84 8.42, 9.88 8.48, 11.02 8.79, 11.26 7.89))"
10686,15413,40051,0102 | 02 OG,,,1395165.0,Öffentlich,Treppenhaus,Raum,3.86,VF,0.0,8.7,2.6,"POLYGON ((-17.63 -8.41, -18.82 -8.74, -19.39 -6.66, -16.94 -5.98, -16.7 -6.86, -17.82 -7.17, -17.96 -7.2, -17.63 -8.41))"
10686,15413,40051,0102 | 02 OG,,,1395177.0,Öffentlich,Leerraum,Raum,5.62,,0.0,8.7,2.6,"POLYGON ((-20.02 -4.39, -17.56 -3.72, -16.98 -5.85, -19.43 -6.52, -20.02 -4.39))"
10686,15413,40051,0102 | 02 OG,,,1395177.0,Öffentlich,Leerraum,Raum,5.62,,0.0,8.7,2.6,"POLYGON ((-20.02 -4.39, -17.56 -3.72, -16.98 -5.85, -19.43 -6.52, -20.02 -4.39))"
10686,15413,40051,0102 | 02 OG,,,1395058.0,Öffentlich,Treppenhaus,Raum,3.18,VF,0.0,8.7,2.6,"POLYGON ((12.59 6.89, 13.61 3.21, 12.81 2.98, 11.79 6.67, 12.59 6.89))"
10686,15413,40051,0102 | 02 OG,,,1395092.0,Öffentlich,Abstellraum,Raum,2.23,NNF,0.0,8.7,2.6,"POLYGON ((10.38 2.31, 10.13 3.21, 12.43 3.85, 12.68 2.95, 10.38 2.31))"
10686,15413,40051,0102 | 02 OG,,,1395098.0,Öffentlich,Treppenhaus,Raum,5.06,VF,0.0,8.7,2.6,"POLYGON ((10.17 7.46, 10.46 7.54, 10.6 6.5, 9.32 6.14, 8.47 9.24, 10.72 9.86, 11 8.87, 9.85 8.55, 9.77 8.43, 9.76 8.43, 10.02 7.51, 10.02 7.5, 10.17 7.46))"
10686,15413,40051,0102 | 02 OG,,,1395085.0,Öffentlich,Abstellraum,Raum,6.56,NNF,0.0,8.7,2.6,"POLYGON ((12.39 3.99, 10.09 3.35, 9.36 6, 11.66 6.64, 12.39 3.99))"
10686,15413,40051,0102 | 02 OG,,,1395065.0,Öffentlich,Korridor,Raum,4.35,HNF,0.0,8.7,2.6,"POLYGON ((11.34 7.9, 10.8 9.88, 11.79 10.16, 12.64 7.06, 10.62 6.5, 10.48 7.54, 11.27 7.76, 11.27 7.77, 11.34 7.9))"
10686,15413,40051,0102 | 02 OG,,,1395191.0,Öffentlich,Aufzug,Ausstattung,,VF,0.0,8.7,2.6,"POLYGON ((14.01 8.7, 12.47 8.28, 11.94 10.2, 13.48 10.62, 14.01 8.7))"
10686,15413,40051,0102 | 02 OG,,,1395165.0,Öffentlich,Treppe,Ausstattung,,,,8.7,2.6,"POLYGON ((-17.63 -8.39, -18.8 -8.71, -19.13 -7.53, -17.96 -7.21, -17.63 -8.39))"
10686,15413,40051,0102 | 02 OG,,,1395165.0,Öffentlich,Treppe,Ausstattung,,,,8.7,2.6,"POLYGON ((-17.53 -6.19, -17.3 -7.02, -19.1 -7.52, -19.33 -6.69, -17.53 -6.19))"
10686,15413,40051,0102 | 02 OG,,,1395058.0,Öffentlich,Treppe,Ausstattung,,,,8.7,2.6,"POLYGON ((13.22 4.62, 12.42 4.4, 11.79 6.67, 12.59 6.89, 13.22 4.62))"
10686,15413,40051,0102 | 02 OG,,,1395098.0,Öffentlich,Treppe,Ausstattung,,,,8.7,2.6,"POLYGON ((10.3 6.47, 9.35 6.21, 8.79 8.25, 9.74 8.51, 10.3 6.47))"
10686,15413,40051,0102 | 02 OG,,,1395098.0,Öffentlich,Treppe,Ausstattung,,,,8.7,2.6,"POLYGON ((10.53 6.52, 10.13 6.46, 9.99 7.42, 10.38 7.48, 10.53 6.52))"
10686,15413,40051,0102 | 02 OG,,,1395098.0,Öffentlich,Treppe,Ausstattung,,,,8.7,2.6,"POLYGON ((10.67 9.77, 10.92 8.85, 8.81 8.27, 8.56 9.19, 10.67 9.77))"
10686,15413,40051,0102 | 02 OG,,,,Öffentlich,Eingangstür,Öffnung,,,,8.7,2.0,"POLYGON ((-16.79 -5.99, -16.56 -6.81, -16.7 -6.85, -16.93 -6.03, -16.79 -5.99))"
10686,15413,40051,0102 | 02 OG,,,,Öffentlich,Fenster,Öffnung,,,,9.2,1.9,"POLYGON ((8.61 8.75, 8.78 8.13, 8.35 8.01, 8.18 8.63, 8.61 8.75))"
10686,15413,40051,0102 | 02 OG,,,,Öffentlich,Tür,Öffnung,,,,8.7,2.0,"POLYGON ((10.15 3.19, 10.38 2.33, 9.95 2.22, 9.72 3.07, 10.15 3.19))"
10686,15413,40051,0102 | 02 OG,,,,Öffentlich,Eingangstür,Öffnung,,,,8.7,2.0,"POLYGON ((11.79 6.83, 12.52 7.03, 12.56 6.88, 11.83 6.68, 11.79 6.83))"
10686,15413,40051,0102 | 02 OG,,,,Öffentlich,Eingangstür,Öffnung,,,,8.7,2.0,"POLYGON ((10.8 6.56, 11.55 6.76, 11.6 6.61, 10.85 6.41, 10.8 6.56))"
10686,15413,40051,0102 | 02 OG,,,,Öffentlich,Tür,Öffnung,,,,8.7,2.0,"POLYGON ((13.49 8.43, 13.67 7.76, 13.52 7.72, 13.34 8.39, 13.49 8.43))"
10686,15413,40051,0102 | 02 OG,,,,Öffentlich,Tür,Öffnung,,,,8.7,2.0,"POLYGON ((-13.89 -1.63, -13.67 -2.44, -13.81 -2.48, -14.03 -1.67, -13.89 -1.63))"
10686,15413,40051,0102 | 02 OG,,,,Öffentlich,Tür,Öffnung,,,,8.7,2.0,"POLYGON ((-14.73 -2.78, -13.81 -2.53, -13.77 -2.68, -14.69 -2.93, -14.73 -2.78))"
10686,15413,40051,0102 | 02 OG,,,,Öffentlich,Eingangstür,Öffnung,,,,8.7,2.0,"POLYGON ((-10.87 -0.23, -10.44 -0.11, -10.23 -0.88, -10.66 -1, -10.87 -0.23))"
10686,15413,40051,0102 | 02 OG,,,,Öffentlich,Eingangstür,Öffnung,,,,8.7,2.0,"POLYGON ((12.52 8.11, 12.75 7.28, 12.59 7.24, 12.36 8.06, 12.52 8.11))"
10686,15413,40051,0102 | 02 OG,,,,Öffentlich,Tür,Öffnung,,,,8.7,2.0,"POLYGON ((-17.7 -2.69, -17.47 -3.52, -17.61 -3.56, -17.84 -2.73, -17.7 -2.69))"
10686,15413,40046,0103 | 03 OG,,,1396566.0,Öffentlich,Schacht,Raum,0.05,FF,0.0,11.6,2.6,"POLYGON ((-10.28 -4.25, -10.05 -4.19, -9.99 -4.39, -10.22 -4.45, -10.28 -4.25))"
10686,15413,40046,0103 | 03 OG,,,1396573.0,Öffentlich,Abstellraum,Raum,60.88,NNF,0.0,11.6,2.6,"POLYGON ((-17.58 0.11, -12.09 1.68, -10.6 -3.55, -10.59 -3.55, -10.57 -3.63, -8.41 -3.01, -8.09 -4.15, -10.24 -4.77, -10.2 -4.92, -10.19 -4.92, -9.4 -7.71, -14.9 -9.28, -15.7 -6.49, -15.74 -6.34, -17.86 -6.94, -18.18 -5.8, -16.07 -5.2, -16.1 -5.09, -17.58 0.11), (-9.94 -4.5, -9.85 -4.47, -9.97 -4.03, -10.06 -4.06, -10.3 -4.13, -10.42 -4.16, -10.3 -4.6, -10.21 -4.58, -9.94 -4.5))"
10686,15413,40046,0103 | 03 OG,,,1396558.0,Öffentlich,Leerraum,Raum,4.83,,0.0,11.6,2.6,"POLYGON ((-8.29 -2.82, -10.46 -3.43, -11 -1.53, -8.71 -0.87, -7.96 -3.5, -8.09 -3.53, -8.26 -2.94, -8.29 -2.82))"
10686,15413,40046,0103 | 03 OG,,,1396558.0,Öffentlich,Leerraum,Raum,4.83,,0.0,11.6,2.6,"POLYGON ((-8.29 -2.82, -10.46 -3.43, -11 -1.53, -8.71 -0.87, -7.96 -3.5, -8.09 -3.53, -8.26 -2.94, -8.29 -2.82))"
10686,15413,40046,0103 | 03 OG,,,1396581.0,Öffentlich,Leerraum,Raum,54.65,,0.0,11.6,2.6,"POLYGON ((-8.3 -0.76, 11 4.74, 11.74 2.12, -7.55 -3.38, -8.3 -0.76))"
10686,15413,40046,0103 | 03 OG,,,1396581.0,Öffentlich,Leerraum,Raum,54.65,,0.0,11.6,2.6,"POLYGON ((-8.3 -0.76, 11 4.74, 11.74 2.12, -7.55 -3.38, -8.3 -0.76))"
10686,15413,40046,0103 | 03 OG,,,1396548.0,Öffentlich,Abstellraum,Raum,48.44,NNF,0.0,11.6,2.6,"POLYGON ((11.39 4.85, 13.67 5.51, 13.78 5.54, 13 8.25, 17.31 9.48, 19.99 0.75, 15.51 -0.53, 14.57 2.78, 14.53 2.91, 12.13 2.23, 11.39 4.85), (17.84 2.35, 17.94 2.38, 17.91 2.48, 17.81 2.45, 17.84 2.35), (17.13 4.63, 17.23 4.66, 17.2 4.76, 17.1 4.73, 17.13 4.63), (16.43 6.9, 16.53 6.93, 16.5 7.03, 16.4 7, 16.43 6.9), (16.39 1.93, 16.49 1.96, 16.46 2.07, 16.36 2.04, 16.39 1.93), (15.68 4.22, 15.79 4.25, 15.76 4.35, 15.65 4.32, 15.68 4.22), (14.99 6.49, 15.09 6.52, 15.06 6.62, 14.96 6.59, 14.99 6.49))"
10686,15413,40046,0103 | 03 OG,,,1396573.0,Öffentlich,Treppe,Ausstattung,,,,11.6,2.6,"POLYGON ((-13.12 -1.12, -12.87 -1.99, -15.05 -2.61, -15.29 -1.74, -13.12 -1.12))"
10686,15413,40046,0103 | 03 OG,,,1396548.0,Öffentlich,Treppe,Ausstattung,,,,11.6,2.6,"POLYGON ((14.71 5.37, 13.9 5.14, 13.49 6.59, 14.3 6.82, 14.71 5.37))"
10686,15413,40046,0103 | 03 OG,,,,Öffentlich,Fenster,Öffnung,,,,12.1,1.9,"POLYGON ((-8.24 -2.99, -8.09 -3.52, -8.26 -3.57, -8.41 -3.03, -8.24 -2.99))"
10686,15413,40046,0103 | 03 OG,,,,Öffentlich,Fenster,Öffnung,,,,12.1,1.9,"POLYGON ((-8.04 -3.7, -7.92 -4.09, -8.09 -4.14, -8.21 -3.75, -8.04 -3.7))"
10686,15413,40046,0103 | 03 OG,,,,Öffentlich,Fenster,Öffnung,,,,12.1,1.9,"POLYGON ((-18.18 -5.81, -17.86 -6.92, -18.03 -6.97, -18.35 -5.86, -18.18 -5.81))"
10686,15413,40046,0103 | 03 OG,,,,Wohngebäude,GF,Geschossfläche,190.47,,,11.6,2.6,"POLYGON ((-15.86 -6.54, -17.98 -7.14, -18.02 -6.99, -18.02 -6.97, -18.03 -6.97, -18.35 -5.86, -18.34 -5.86, -18.34 -5.85, -18.35 -5.85, -18.39 -5.7, -16.27 -5.1, -17.75 0.08, -17.74 0.08, -17.79 0.22, -11.97 1.87, -11.93 1.73, -11.05 -1.37, 13.58 5.66, 12.84 8.24, 12.8 8.37, 17.41 9.68, 17.44 9.56, 20.19 0.63, 20.04 0.59, 20.04 0.6, 15.56 -0.68, 15.56 -0.69, 15.39 -0.74, 14.41 2.7, -8.04 -3.7, -7.92 -4.09, -7.93 -4.09, -7.92 -4.11, -7.88 -4.26, -10.04 -4.88, -9.19 -7.83, -9.35 -7.88, -9.35 -7.87, -14.86 -9.44, -14.86 -9.45, -15.02 -9.49, -15.86 -6.54))"
10686,15413,40051,0102 | 02 OG,,,,Wohngebäude,GF,Geschossfläche,381.38,,,8.7,2.6,"POLYGON ((-11.8 -10.37, -12.8 -10.64, -12.8 -10.65, -13.69 -10.89, -14.94 -11.23, -14.94 -11.24, -15.88 -11.5, -15.88 -11.49, -16.71 -11.72, -16.76 -11.54, -17.39 -9.28, -17.6 -8.54, -18.32 -8.74, -18.78 -8.87, -18.97 -8.92, -20 -5.18, -21.07 -1.29, -20.89 -1.24, -20.89 -1.25, -19.07 -0.75, -19.28 -0.01, -19.55 1, -19.57 1, -19.62 1.17, -19.33 1.25, -19.33 1.26, -18.38 1.52, -18.38 1.51, -17.25 1.82, -17.25 1.83, -16.35 2.08, -16.35 2.07, -15.35 2.35, -14.4 2.61, -12.68 3.08, -12.64 2.95, -12.39 2.05, -11.57 2.28, -11.52 2.3, -11 0.42, -10.62 0.52, 8.95 5.91, 8.37 8.02, 8.35 8.01, 8.18 8.63, 8.2 8.64, 7.95 9.54, 8.35 9.65, 13.44 11.05, 13.54 10.69, 13.64 10.33, 14.43 10.55, 16.9 11.23, 17.07 11.28, 18.03 8.07, 18.31 7.13, 18.65 5.96, 18.89 5.2, 18.88 5.2, 19.75 2.28, 19.76 2.28, 20.04 1.34, 20.03 1.34, 20.84 -1.37, 20.71 -1.41, 19.31 -1.8, 18.37 -2.06, 18.37 -2.05, 17.37 -2.33, 16.43 -2.59, 15.33 -2.89, 14.39 -3.15, 12.71 -3.61, 12.67 -3.48, 11.78 -0.24, 11.59 -0.3, -9.71 -6.14, -10.74 -6.42, -9.84 -9.69, -9.81 -9.82, -10.85 -10.11, -11.8 -10.37))"
10686,15413,40060,0101 | 01 OG,,,,Wohngebäude,GF,Geschossfläche,587.71,,,5.8,2.6,"POLYGON ((-21.7 1.02, -21.72 1.1, -21.8 1.4, -20.23 1.83, -20.23 1.84, -19.06 2.16, -19.06 2.15, -17.05 2.7, -17.05 2.71, -15.87 3.04, -15.87 3.03, -13.88 3.57, -13.88 3.58, -12.71 3.9, -12.71 3.89, -12.17 4.04, -10.08 4.62, -10.08 4.63, -8.72 5, -8.72 4.99, -6.24 5.67, -6.24 5.68, -4.87 6.06, -4.87 6.05, -2.39 6.73, -2.39 6.74, -0.99 7.12, -0.99 7.11, 1.47 7.79, 1.47 7.8, 2.85 8.18, 2.85 8.17, 5.32 8.85, 5.32 8.86, 6.7 9.24, 6.7 9.23, 8.49 9.72, 8.49 9.73, 9.31 9.95, 12.46 10.81, 17.83 12.28, 17.88 12.3, 18.3 10.9, 18.31 10.9, 18.65 9.74, 18.64 9.74, 19.28 7.61, 19.29 7.61, 19.64 6.44, 19.63 6.44, 20.26 4.31, 20.27 4.31, 20.62 3.13, 20.61 3.13, 21.25 1.01, 21.26 1.01, 21.61 -0.17, 21.6 -0.17, 22.01 -1.56, 21.72 -1.65, 21.7 -1.66, 21.62 -1.68, 20.68 -1.94, 19.5 -2.27, 19.5 -2.26, 17.5 -2.81, 17.5 -2.82, 16.32 -3.14, 16.32 -3.13, 14.32 -3.68, 14.32 -3.69, 13.15 -4.01, 13.15 -4, 11.77 -4.38, 11.69 -4.09, 11.64 -3.89, 10.42 -4.23, 10.42 -4.24, 9.03 -4.62, 9.03 -4.61, 6.54 -5.29, 6.54 -5.3, 5.17 -5.68, 5.17 -5.67, 2.71 -6.34, 2.71 -6.36, 1.37 -6.72, 1.37 -6.71, -1.16 -7.41, -1.16 -7.42, -2.54 -7.8, -2.54 -7.79, -5.01 -8.46, -5.01 -8.48, -6.41 -8.86, -6.41 -8.85, -7.62 -9.18, -7.49 -9.65, -7.49 -9.67, -7.76 -9.75, -8.87 -10.06, -10.04 -10.38, -12.05 -10.93, -13.21 -11.25, -15.04 -11.75, -15.22 -11.79, -15.22 -11.81, -16.4 -12.13, -16.4 -12.12, -17.97 -12.55, -18.08 -12.14, -19.41 -7.27, -19.42 -7.27, -21.69 0.99, -21.7 1.02))"
10686,15413,40065,0100 | EG,,,,Wohngebäude,GF,Geschossfläche,609.21,,,2.9,2.6,"POLYGON ((-19.41 2.15, -19.41 2.14, -17.95 2.54, -17.95 2.55, -17.34 2.72, -17.34 2.71, -17.09 2.78, -17.09 2.79, -16.47 2.96, -16.47 2.95, -16.23 3.02, -16.23 3.03, -15.62 3.2, -15.62 3.19, -14.14 3.6, -14.14 3.61, -12.95 3.94, -12.95 3.93, -10.31 4.66, -10.31 4.67, -8.89 5.07, -8.89 5.05, -6.38 5.75, -6.38 5.76, -4.97 6.15, -4.97 6.14, -2.45 6.84, -2.45 6.85, -1.03 7.25, -1.03 7.23, 1.47 7.93, 1.47 7.94, 2.89 8.33, 2.89 8.32, 5.4 9.02, 5.4 9.03, 6.81 9.42, 6.81 9.41, 8.61 9.91, 8.61 9.92, 9.46 10.15, 9.46 10.14, 12.66 11.03, 18.14 12.55, 18.18 12.56, 18.61 11.15, 18.62 11.15, 18.98 9.96, 18.96 9.96, 19.62 7.79, 19.63 7.79, 19.98 6.6, 20.63 4.43, 20.64 4.43, 21 3.24, 20.99 3.24, 21.64 1.08, 21.65 1.08, 22.01 -0.11, 21.99 -0.11, 22.3 -1.12, 22.33 -1.22, 22.39 -1.43, 22.38 -1.43, 22.41 -1.53, 21.01 -1.92, 21.01 -1.93, 19.9 -2.24, 19.9 -2.23, 17.74 -2.83, 17.74 -2.84, 16.62 -3.15, 16.62 -3.14, 16.45 -3.19, 15.56 -3.44, 15.01 -3.59, 14.59 -3.71, 13.4 -4.04, 11.98 -4.43, 11.89 -4.08, 11.88 -4.08, 11.84 -3.94, 10.61 -4.28, 10.61 -4.3, 9.21 -4.69, 9.2 -4.67, 6.69 -5.37, 6.69 -5.38, 5.29 -5.77, 5.29 -5.76, 2.76 -6.46, 2.76 -6.47, 1.36 -6.86, 1.36 -6.85, -1.16 -7.55, -1.16 -7.56, -2.57 -7.95, -2.57 -7.94, -5.08 -8.64, -5.08 -8.65, -6.5 -9.04, -6.5 -9.03, -7.73 -9.37, -7.6 -9.86, -8.02 -9.97, -9.01 -10.25, -9.01 -10.26, -10.21 -10.59, -10.21 -10.58, -12.25 -11.15, -12.25 -11.16, -13.44 -11.49, -13.44 -11.48, -15.47 -12.04, -15.47 -12.05, -16.67 -12.38, -16.67 -12.37, -18.28 -12.82, -18.4 -12.4, -18.39 -12.4, -22.14 1.1, -22.21 1.36, -20.61 1.8, -20.61 1.82, -19.41 2.15))"
